Call Sign,POPs
KD54001,"886,196"
KGF20,"312,337"
KGF21,"63,855"
KGF22,"127,817"
KGF23,"51,639"
KGF24,"73,905"
KGG38,"2,602,597"
KGZ66,"5,122,061"
KHF80,"1,785,279"
WND425,"1,444,001"
KHU75,"681,325"
KHU89,"3,219,462"
KHU90,"5,709,277"
KHX47,"1,925,330"
KLC77,"484,346"
KLC80,"2,164,174"
KLC85,"4,639,737"
KNU43,"2,491,846"
KNZ60,"2,636,479"
KNZ65,"3,066,983"
KNZ67,"2,316,811"
KNZ68,"2,453,536"
KNZ69,"7,074,703"
KNZ69,"7,074,703"
KNZ70,"4,485,514"
KNZ70,"4,485,514"
KNZ71,"11,085,779"
KQT47,"972,449"
KRS81,"14,492,974"
KRS82,"6,056,519"
KRS83,"4,767,303"
KRS84,"1,851,356"
KRS85,"1,755,515"
KRS86,"450,502"
KRW67,"200,780"
KRZ68,"5,992,642"
KSW92,"7,871,489"
KSW93,"9,794,413"
KTB84,"2,945,378"
KTB85,"811,270"
KTB97,"3,219,462"
KTB98,"4,251,850"
KTN66,"1,521,097"
KTZ22,"4,578,185"
KTZ30,"541,045"
KVI65,"4,119,102"
KVK21,"1,072,702"
KVP26,"3,256,092"
KVQ24,"2,634,433"
KVS31,"3,852,401"
KVS31,"3,852,401"
KWE33,"10,257,695"
WQCR581,"1,373,595"
KYP23,"2,540,915"
KZB22,"2,745,530"
KZB23,"3,247,026"
KZB24,"927,525"
KZB25,"3,218,140"
KZB28,"129,610"
KZB29,"1,211,854"
KZB30,"1,802,190"
KZC22,"394,403"
KZE20,"5,716,379"
KZH31,"3,590,744"
KZH32,"2,143,981"
KZH33,"1,936,607"
KZM21,"1,066,308"
KZW56,"1,009,176"
WAC262,"6,038,258"
WAC273,"3,250,719"
KZE20,"5,716,379"
WAH861,"69,235"
WAH862,"205,777"
WAH871,"115,677"
WAJ20,"2,271,686"
WAJ20,"2,271,686"
WAK57,"4,215,625"
WAQ323,"239,283"
WAQ324,"1,402,365"
WAQ325,"277,797"
WAU27,"1,835,695"
WAU29,"4,147,857"
WAU31,"6,076,483"
WAY655,"1,345,766"
WBB421,"2,789,730"
WBE795,"532,618"
WBE805,"691,703"
WBG606,"240,057"
WBN31,"1,025,300"
WBS375,"2,150,169"
WBS390,"192,109"
WBS404,"296,251"
WBS405,"143,893"
WBX203,"1,392,421"
WBX204,"538,068"
WBX205,"545,031"
WBX213,"661,369"
WBX215,"1,361,128"
WBX216,"706,161"
WBX257,"1,617,408"
WCG671,"312,180"
WCX487,"1,523,991"
WDD655,"3,526,228"
WDD752,"1,844,666"
WDG56,"1,871,164"
WDT881,"5,470,952"
WEF69,"4,611,694"
WFD422,"346,529"
WFD423,"210,301"
WFD424,"331,916"
WFD456,"1,625,698"
WFD457,"507,106"
WFW689,"2,323,702"
WGI228,"336,023"
WGI229,"336,023"
WGM91,"124,511"
WGM92,"875,156"
WGM93,"1,354,872"
WGM95,"15,064,400"
WGR707,"1,524,367"
WGR761,"184,921"
WGR762,"444,282"
WGR836,"277,085"
WGR849,"293,952"
WGV621,"1,675,192"
WGV750,"1,359,005"
WGV751,"1,375,422"
WGV752,"2,138,404"
WGW943,"74,721"
WGW944,"173,469"
WGW945,"275,718"
WGW951,"56,821"
WGZ628,"200,969"
WHA72,"2,833,771"
WHA816,"127,216"
WHA933,"739,716"
WHA933,"739,716"
WHA955,"705,450"
WHA956,"2,667,579"
WHB211,"1,395,939"
WHB652,"3,679,090"
WHB652,"3,679,090"
WHB821,"219,464"
WHB828,"813,986"
KHS78,"1,241,279"
WHB845,"269,585"
WHB846,"271,875"
WHF220,"743,057"
WHF223,"1,463,550"
WHF225,"1,979,269"
WHF226,"1,979,269"
WHF233,"266,095"
WHF243,"287,279"
WHF247,"92,561"
WHF270,"1,528,831"
WHF276,"782,713"
WHF334,"129,417"
WHF350,"267,577"
WHG228,"1,242,967"
WHG230,"2,645,507"
WHG238,"1,258,457"
WHG268,"13,450,950"
WHG269,"7,654,900"
WHG332,"2,473,896"
WHG338,"3,072,171"
WHG340,"122,099"
WHG341,"222,543"
WHG344,"1,482,589"
WHG345,"1,525,216"
WHG348,"3,250,719"
WNC326,"898,215"
WLX267,"434,506"
WHG370,"2,327,283"
WHG371,"255,159"
WHG396,"3,590,053"
WHG411,"60,105"
WHG412,"77,247"
WHG442,"4,576,842"
WHM926,"85,472"
WHM931,"738,761"
WHM932,"142,473"
WHM934,"5,501,127"
WHM935,"355,685"
WHM936,"472,532"
WHM937,"1,056,988"
WHM939,"501,203"
WHN702,"356,480"
WHN703,"456,175"
WHN704,"214,247"
WHN705,"974,578"
WHN708,"392,686"
WHN710,"58,423"
WHN711,"499,213"
WHN712,"1,054,588"
WHN713,"512,966"
WHN714,"140,876"
WHQ258,"834,569"
WHQ259,"813,379"
WHQ281,"5,992,641"
WHQ301,"682,475"
WHQ304,"257,042"
WHQ305,"1,031,737"
WHQ373,"776,260"
WHQ374,"277,797"
WHQ380,"326,687"
WHQ396,"237,191"
WHQ397,"623,587"
WHQ402,"260,406"
WHQ403,"1,882,294"
WHQ405,"382,362"
WHQ422,"4,283,030"
WHQ445,"114,853"
WHQ446,"820,475"
WHR453,"1,263,508"
WHR454,"1,066,308"
WHR456,"576,744"
WHR457,"234,702"
WHR458,"231,058"
WHR460,"1,908,763"
WHR461,"5,474,528"
WHR462,"1,053,226"
WHR463,"9,794,413"
WHR466,"2,536,562"
WHR467,"2,356,952"
WHR470,"210,850"
WHR471,"307,630"
WHR472,"324,159"
WHR473,"202,015"
WHR474,"1,349,918"
WHR476,"206,023"
WHR477,"994,734"
WHR479,"467,840"
WHR480,"313,484"
WHR481,"1,034,155"
WHR485,"360,743"
WHR486,"587,014"
WHR487,"3,054,039"
WHR488,"2,833,771"
WHR489,"743,273"
WHR490,"742,555"
WHR491,"732,066"
WHR492,"5,992,641"
WHR493,"2,409,871"
WHR494,"592,099"
WHR497,"3,237,015"
WHR498,"5,501,127"
WHR500,"197,479"
WHR502,"861,934"
WHR504,"234,900"
WHR505,"9,794,413"
WHR506,"2,436,224"
WHR508,"4,244,844"
WHR509,"1,566,509"
WHR511,"1,806,423"
WHR512,"2,268,397"
WHR513,"1,060,417"
WHR514,"1,918,872"
WHR515,"2,391,385"
WHR518,"2,527,224"
WHR519,"202,556"
WHR520,"13,564,481"
WHR521,"2,849,607"
WHR522,"2,365,377"
WHR523,"1,811,047"
WHR526,"1,656,513"
WHR527,"5,841,534"
WHR528,"3,871,054"
WHR529,"676,448"
WHR531,"1,819,603"
WHR532,"1,931,824"
WHR533,"1,296,058"
WHR535,"1,993,768"
WHR536,"2,405,163"
WHR537,"1,221,769"
WHR543,"2,391,289"
WHR551,"876,179"
WHR559,"1,354,109"
WHR576,"261,275"
WHR580,"278,210"
WHR584,"1,534,034"
WHR586,"996,049"
WHR588,"2,473,896"
WHR590,"1,688,238"
WHR591,"573,328"
WHR596,"498,316"
WHR598,"496,525"
WHR601,"909,145"
WHR610,"353,097"
WHR611,"1,883,351"
WHR612,"720,861"
WHR613,"78,678"
WHR614,"363,767"
WHR617,"248,987"
WHR619,"1,766,200"
WHR621,"1,022,401"
WHR622,"3,814,200"
WHR624,"1,658,393"
WHR626,"687,076"
WHR630,"192,034"
WHR632,"661,694"
WHR636,"3,313,274"
WHR636,"3,313,274"
WHR644,"573,971"
WHR648,"251,456"
WHR649,"1,475,290"
WHR650,"1,093,761"
WHR651,"1,425,435"
WHR656,"898,478"
WHR657,"1,628,453"
WHR658,"573,752"
WHR658,"573,752"
WHR659,"592,516"
WHR660,"64,439"
WHR661,"544,661"
WHR662,"1,925,330"
WHR663,"43,918"
WHR664,"3,040,822"
WHR666,"523,550"
WHR669,"270,249"
WHR670,"511,914"
WHR671,"699,587"
WHR672,"887,616"
WHR673,"617,154"
WND596,"891,617"
WHR681,"1,060,592"
WHR682,"165,183"
WHR682,"165,183"
WHR683,"648,574"
WHR684,"665,245"
WHR685,"457,593"
WHR686,"417,925"
WHR688,"677,933"
WHR689,"677,933"
WHR691,"4,981,736"
WHR694,"759,041"
WHR695,"257,875"
WHR696,"633,505"
WHR697,"1,644,275"
WHR698,"168,706"
WHR699,"112,737"
WHR700,"116,499"
WHR701,"169,931"
WHR707,"144,444"
WHR708,"100,882"
WHR709,"67,091"
WHR710,"80,375"
WHR711,"144,444"
WHR712,"67,091"
WHR714,"953,207"
WHR716,"953,207"
WHR717,"10,480"
WHR718,"369,751"
WHR724,"843,346"
WHR726,"198,105"
WHR727,"468,741"
WHR729,"925,067"
WHR730,"66,161"
WHR731,"86,779"
WHR732,"994,881"
WHR733,"994,881"
WHR736,"698,027"
WHR737,"186,692"
WHR746,"2,391,385"
WHR748,"389,438"
WNC587,"889,746"
WHR750,"383,557"
WHR751,"202,094"
WHR752,"271,925"
WHR753,"299,209"
WHR754,"193,410"
WHR755,"4,620,211"
WOG94,"703,851"
WHR757,"453,785"
WHR758,"1,976,745"
WHR760,"2,670,507"
WHR761,"1,063,047"
WHR765,"92,775"
WHR767,"1,301,961"
WHR769,"1,361,546"
WHR770,"509,719"
WHR771,"650,682"
WHR772,"2,188,922"
WHR773,"447,084"
WHR774,"186,119"
WHR777,"1,969,814"
WHR779,"626,403"
WHR780,"2,833,771"
WHR783,"523,810"
WHR784,"92,727"
WHR790,"3,500,726"
WHR791,"1,339,876"
WHR795,"474,492"
WHR797,"701,911"
WHR798,"660,770"
WHR800,"211,772"
WHR801,"195,865"
WHR802,"9,141,330"
WHR803,"66,922"
WHR804,"166,876"
WHR805,"71,745"
WHR806,"2,473,896"
WHR807,"2,301,728"
WHR808,"1,583,881"
WHR810,"1,826,560"
WHR814,"1,473,992"
WHR815,"766,963"
WHR816,"572,309"
WHR817,"579,347"
WHR818,"771,467"
WHR819,"84,559"
WHR820,"647,054"
WHR821,"2,991,648"
WHR822,"2,469,164"
WHR823,"119,482"
WHR825,"335,895"
WHR826,"1,617,578"
WHR827,"664,970"
WHR828,"15,075,660"
WHR829,"15,070,030"
WHR830,"4,407,301"
WHR831,"4,408,402"
WHR832,"467,404"
WLX765,"616,769"
WHR834,"465,905"
WHR835,"462,772"
WHR838,"684,380"
WHR839,"306,548"
WHR841,"1,414,596"
WHR842,"1,707,284"
WHR845,"1,988,099"
WHR847,"396,979"
WHR850,"2,076,804"
WHR853,"71,745"
WHR853,"71,745"
WHR854,"3,589,200"
WHR858,"1,351,869"
WHR864,"2,473,896"
WHR865,"2,473,896"
WHR866,"2,434,421"
WHR872,"3,494,585"
WHR873,"590,720"
WHR877,"1,457,774"
WHR878,"39,749"
WLX983,"547,210"
WHR881,"2,405,303"
WHR882,"4,612,874"
WHR883,"2,380,195"
WHR884,"290,333"
WHR885,"955,433"
WHR886,"956,599"
WHR889,"216,571"
WHR890,"937,908"
WHR894,"1,457,774"
WHR895,"1,696,415"
WHR896,"1,482,944"
WHR897,"2,302,054"
WHR899,"215,865"
WHR901,"1,179,689"
WHR903,"468,400"
WHR904,"602,398"
WHR905,"50,610"
WHR912,"1,001,721"
WHR913,"1,060,417"
WHR914,"4,289,564"
WHR915,"4,178,656"
WHR916,"4,251,850"
WHR917,"2,666,145"
WHR918,"1,001,721"
WHR919,"4,293,529"
WHR920,"2,227,306"
WHR921,"648,116"
WHR922,"212,602"
WHR925,"377,591"
WHR926,"146,211"
WHR927,"591,605"
WHR928,"961,551"
WHR929,"771,423"
WHR930,"872,807"
WHR931,"915,466"
WHR932,"1,098,592"
WHR934,"631,522"
WHR939,"1,233,248"
WHR940,"1,646,884"
WHR941,"1,098,229"
WHR942,"111,614"
WHR943,"727,082"
WHR944,"285,333"
WNC785,"476,036"
WHR953,"258,452"
WNC790,"476,036"
WHR956,"304,929"
WHG356,"468,119"
WHR961,"331,178"
WHR962,"1,021,499"
WHR963,"1,021,791"
WHR964,"1,021,791"
WHR965,"184,089"
WHR966,"293,219"
WHR967,"504,379"
WHR968,"468,221"
WHR969,"383,711"
WHR970,"629,750"
WHR971,"1,731,571"
WHR972,"1,370,406"
WHR974,"363,704"
WHR977,"634,099"
WHR978,"1,118,051"
WHR981,"643,632"
WHR982,"573,682"
WHR983,"175,827"
WHR985,"170,378"
WHR986,"24,305"
WHR987,"39,659"
WHR988,"177,925"
WHR991,"62,476"
WHR992,"228,430"
WHR993,"94,864"
WHR995,"468,400"
WHR996,"17,750"
WHR997,"111,173"
WHR998,"45,599"
WHR999,"45,995"
WIG34,"360,508"
WLX200,"3,313,274"
WLX201,"1,999,329"
WLX202,"524,351"
WLX203,"23,415"
WLX205,"515,735"
WLX206,"451,202"
WLX207,"1,120,483"
WLX209,"160,755"
WLX210,"213,300"
WLX211,"68,773"
WLX212,"72,266"
WLX213,"232,790"
WLX214,"631,522"
WLX215,"201,482"
WLX216,"27,640"
WLX217,"29,530"
WLX218,"17,450"
WLX219,"28,545"
WLX220,"460,281"
WLX221,"994,881"
WLX222,"156,911"
WLX223,"994,881"
WLX224,"994,881"
WLX225,"309,714"
WLX226,"2,138,404"
WLX227,"2,323,702"
WLX231,"180,324"
WLX232,"64,177"
WLX234,"69,253"
WLX235,"2,141,575"
WLX236,"660,770"
WLX237,"2,391,385"
WLX238,"1,055,967"
WLX240,"517,433"
WLX241,"697,116"
WLX242,"310,416"
WLX244,"280,029"
WLX245,"759,041"
WLX247,"1,110,389"
WLX248,"2,192,527"
WLX249,"456,740"
WLX250,"2,578,518"
WLX250,"2,578,518"
WLX251,"1,329,668"
WLX253,"705,450"
WLX254,"2,026,042"
WLX255,"1,629,335"
WLX256,"1,656,513"
WLX257,"663,542"
WLX260,"122,618"
WLX261,"4,236"
WLX262,"464,456"
WLX263,"1,875,280"
WLX265,"215,865"
WLX265,"215,865"
WNC436,"465,803"
WLX268,"251,277"
WLX270,"765,312"
WLX271,"1,862,596"
WLX272,"988,129"
WLX273,"647,239"
WLX275,"951,867"
WLX276,"676,448"
WLX277,"701,124"
WLX278,"309,304"
WLX279,"696,319"
WLX280,"85,361"
WLX281,"75,704"
WLX282,"75,090"
WLX283,"80,248"
WLX285,"731,639"
WLX288,"45,809"
WLX289,"654,781"
WLX290,"654,781"
WLX291,"705,450"
WLX292,"700,980"
WLX293,"630,115"
WLX294,"636,761"
WLX295,"1,600,924"
WLX296,"75,810"
WLX297,"344,197"
WLX299,"3,161,023"
WLX300,"238,427"
WLX303,"219,154"
WLX304,"128,533"
WLX305,"356,317"
WLX306,"644,140"
WLX307,"505,644"
WLX308,"336,319"
WLX309,"2,261,910"
WLX310,"287,323"
WLX311,"170,040"
WLX312,"170,374"
WLX313,"170,708"
WLX314,"759,041"
WLX315,"1,609,196"
WLX316,"344,197"
WLX317,"344,219"
WLX318,"339,802"
WLX319,"344,197"
WLX321,"2,280,542"
WLX322,"1,997,040"
WLX323,"1,997,040"
WLX323,"1,997,040"
WLX327,"374,670"
WLX328,"2,227,306"
WLX329,"69,412"
WLX330,"344,309"
WLX331,"374,670"
WLX332,"308,787"
WLX334,"123,833"
WLX335,"369,419"
WLX336,"836,101"
WLX337,"1,315,009"
WNC463,"465,682"
WLX339,"69,412"
WLX340,"69,507"
WLX344,"299,754"
WLX345,"701,940"
WLX346,"96,121"
WLX350,"204,727"
WLX351,"1,072,702"
WLX352,"515,193"
WLX353,"308,788"
WLX354,"650,010"
WLX356,"420,388"
WLX357,"420,388"
WLX358,"420,388"
WLX359,"420,388"
WLX360,"70,492"
WLX361,"759,041"
WLX362,"2,371,814"
WLX364,"284,985"
WLX365,"310,103"
WLX367,"1,057,350"
WLX369,"170,040"
WLX369,"170,040"
WLX370,"2,141,344"
WLX371,"1,600,924"
WLX372,"701,911"
WLX374,"130,252"
WLX375,"1,284,815"
WLX376,"146,237"
WLX377,"140,058"
WLX378,"144,973"
WLX379,"146,237"
WLX380,"140,128"
WLX381,"701,766"
WLX382,"237,529"
WLX384,"953,207"
WLX385,"728,628"
WLX386,"235,782"
WLX387,"236,543"
WLX388,"235,782"
WLX389,"235,782"
WLX390,"235,782"
WLX391,"726,641"
WLX392,"642,735"
WLX394,"105,714"
WLX395,"92,291"
WLX397,"899,613"
WLX398,"63,442"
WLX399,"65,385"
WNC437,"444,318"
WLX401,"479,246"
WLX402,"92,291"
WLX403,"1,851,462"
WLX404,"416,251"
WLX407,"63,198"
WLX408,"149,834"
WLX408,"149,834"
WLX409,"149,834"
WLX409,"149,834"
WLX410,"149,834"
WLX411,"246,446"
WLX412,"246,446"
WLX412,"246,446"
WLX413,"246,446"
WLX413,"246,446"
WLX414,"84,709"
WLX414,"84,709"
WLX415,"77,087"
WLX415,"77,087"
WLX416,"77,087"
WLX417,"333,369"
WLX417,"333,369"
WLX418,"361,965"
WLX419,"350,921"
WLX419,"350,921"
WLX420,"503,357"
WLX420,"503,357"
WLX421,"569,138"
WLX422,"569,138"
WLX422,"569,138"
WLX423,"743,273"
WLX424,"492,754"
WLX426,"43,806"
WNC415,"414,070"
WLX430,"63,198"
WLX431,"142,231"
WLX432,"152,892"
WLX433,"154,271"
WLX434,"153,066"
WLX435,"1,871,271"
WLX436,"1,914,052"
WLX437,"149,702"
WNC747,"412,613"
WLX443,"328,838"
WLX444,"191,966"
WLX445,"210,181"
WLX446,"208,890"
WLX447,"208,850"
WLX448,"212,521"
WLX449,"191,691"
WLX450,"70,053"
WLX451,"153,075"
WLX451,"153,075"
WLX452,"154,470"
WLX452,"154,470"
WLX453,"81,732"
WLX454,"63,500"
WLX456,"789,185"
WLX457,"743,273"
WLX458,"231,054"
WLX460,"670,642"
WLX461,"53,834"
WLX463,"80,909"
WLX464,"162,842"
WLX464,"162,842"
WLX465,"143,410"
WLX465,"143,410"
WLX466,"350,921"
WLX466,"350,921"
WLX467,"141,526"
WLX467,"141,526"
WLX468,"143,410"
WLX469,"306,842"
WLX470,"1,021,791"
WLX471,"80,909"
WLX471,"80,909"
WLX473,"63,112"
WLX474,"246,446"
WLX474,"246,446"
WLX475,"136,277"
WLX475,"136,277"
WLX476,"1,012,751"
WLX477,"167,750"
WLX477,"167,750"
WLX478,"569,138"
WLX478,"569,138"
WLX479,"149,834"
WLX479,"149,834"
WLX481,"745,779"
WLX482,"7,871,489"
WLX483,"136,277"
WLX483,"136,277"
WLX484,"136,277"
WLX485,"143,715"
WLX485,"143,715"
WLX486,"308,788"
WLX487,"1,803,189"
WLX488,"119,050"
WLX488,"119,050"
WLX489,"77,087"
WLX489,"77,087"
WLX490,"515,218"
WLX491,"609,543"
WLX492,"167,750"
WLX493,"167,750"
WLX493,"167,750"
WLX494,"167,652"
WLX494,"167,652"
WLX496,"119,050"
WLX496,"119,050"
WLX497,"119,050"
WLX497,"119,050"
WLX498,"124,594"
WLX499,"256,335"
WLX499,"256,335"
WLX500,"256,377"
WLX500,"256,377"
WLX501,"256,377"
WLX501,"256,377"
WLX502,"256,141"
WLX503,"148,326"
WLX504,"41,218"
WLX505,"96,876"
WLX507,"96,876"
WLX508,"289,820"
WLX509,"143,410"
WLX509,"143,410"
WLX510,"602,860"
WLX512,"80,909"
WLX512,"80,909"
WLX513,"191,691"
WLX514,"676,448"
WLX515,"676,448"
WLX516,"676,448"
WNC292,"410,000"
WLX518,"282,231"
WLX519,"282,163"
WLX520,"142,193"
WLX521,"186,305"
WLX522,"219,895"
WLX523,"301,313"
WLX524,"282,231"
WLX525,"47,517"
WLX526,"2,849,607"
WLX527,"458,225"
WLX528,"458,184"
WLX529,"458,265"
WLX529,"458,265"
WLX531,"1,377,893"
WLX532,"478,471"
WLX533,"86,032"
WLX534,"900,794"
WLX536,"1,057,354"
WLX537,"2,168,965"
WLX538,"1,355,441"
WLX539,"1,937,801"
WHR833,"392,433"
WLX541,"153,975"
WLX543,"1,057,354"
WLX544,"142,709"
WLX545,"186,093"
WLX546,"3,239,171"
WLX547,"211,326"
WLX548,"143,490"
WLX550,"702,085"
WLX551,"152,458"
WLX552,"174,017"
WLX553,"104,590"
WLX554,"103,148"
WLX555,"108,096"
WLX557,"1,275,670"
WLX558,"152,458"
WLX559,"175,792"
WLX561,"85,779"
WLX562,"85,258"
WLX563,"1,664,395"
WLX564,"16,560"
WLX565,"2,306,312"
WLX566,"4,352,216"
WLX567,"16,560"
WLX568,"1,136,425"
WLX569,"2,651,679"
WLX571,"1,385,067"
WLX572,"1,290,665"
WLX573,"1,221,792"
WLX574,"287,630"
WLX575,"2,013,836"
WLX576,"49,408"
WLX578,"4,352,216"
WLX580,"52,065"
WLX581,"509,889"
WLX582,"86,032"
WLX583,"180,834"
WLX584,"1,161,408"
WLX585,"86,197"
WLX586,"319,738"
WLX587,"304,027"
WLX588,"222,206"
WLX589,"84,251"
WLX590,"157,748"
WLX866,"375,570"
WLX592,"1,937,801"
WLX593,"458,454"
WLX594,"89,416"
WLX595,"89,416"
WLX597,"267,345"
WLX600,"117,686"
WNC675,"358,888"
WLX603,"89,416"
WLX604,"117,686"
WLX605,"115,477"
WLX606,"166,854"
KXY61,"357,857"
WLX608,"162,351"
WLX338,"344,219"
WLX610,"431,790"
WLX612,"298,044"
WLX613,"1,057,354"
WLX615,"117,686"
WLX616,"534,677"
WLX617,"167,278"
WLX618,"253,817"
WLX619,"193,673"
WLX620,"161,343"
WLX621,"167,278"
WLX622,"91,655"
WLX623,"234,523"
WLX624,"88,823"
WLX625,"210,791"
WLX626,"61,394"
WLX630,"7,654,900"
WLX631,"18,658"
WLX634,"250,501"
WLX640,"26,354"
WLX641,"114,563"
WLX642,"532,638"
WLX643,"115,212"
WLX644,"96,621"
WLX645,"148,354"
WLX646,"96,621"
WLX647,"1,655,855"
WLX648,"629,198"
WLX649,"2,440,362"
WLX651,"1,355,439"
WLX652,"495,094"
WND220,"342,315"
WLX654,"98,196"
WLX655,"213,311"
WLX656,"213,311"
WLX658,"162,129"
WLX659,"198,250"
WLX661,"1,136,718"
WLX662,"617,672"
WLX663,"650,521"
WLX664,"1,787,523"
WLX666,"495,094"
WLX667,"1,803,189"
WLX668,"135,812"
WLX669,"166,032"
WLX670,"394,048"
WLX671,"1,170,657"
WLX672,"1,354,797"
WLX673,"875,112"
WLX676,"267,345"
WLX677,"191,493"
WLX678,"548,130"
WLX679,"81,298"
WLX680,"234,571"
WLX681,"2,391,289"
WLX682,"751,376"
WLX683,"229,105"
WLX684,"1,564,624"
WLX685,"54,654"
WLX686,"41,942"
WLX687,"189,190"
WLX688,"21,617"
WLX689,"339,802"
WLX690,"1,947,947"
WLX691,"49,408"
WND219,"329,082"
WLX693,"166,056"
WLX694,"2,141,344"
WLX695,"495,094"
WLX698,"610,227"
WLX699,"1,803,189"
WLX700,"88,162"
WLX701,"367,715"
WLX702,"214,132"
WLX703,"45,073"
WLX704,"2,372,142"
WLX705,"149,856"
WLX706,"121,775"
WLX708,"439,045"
WLX709,"1,806,423"
WLX710,"189,378"
WLX713,"131,771"
WLX714,"222,206"
WLX717,"126,642"
WLX718,"18,741"
WLX720,"2,105,760"
WLX852,"328,370"
WLX724,"584,486"
WLX725,"391,984"
WLX726,"3,890,428"
WLX728,"824,647"
WLX728,"824,647"
WLX729,"67,628"
WLX730,"86,032"
WNC220,"289,712"
WLX732,"89,416"
WLX734,"136,501"
WLX735,"2,105,760"
WLX736,"362,687"
WLX737,"238,187"
WLX738,"168,326"
WLX739,"391,049"
WLX740,"149,890"
WLX741,"124,594"
WLX742,"135,724"
WLX743,"271,229"
WLX744,"569,138"
WLX745,"246,446"
WLX746,"77,087"
WLX747,"271,229"
WLX748,"255,913"
WLX749,"80,909"
WLX750,"143,410"
WLX751,"329,082"
WLX752,"96,845"
WLX753,"1,057,354"
WLX754,"211,148"
WLX755,"271,229"
WLX756,"16,560"
WLX758,"123,833"
WLX759,"2,473,896"
WLX760,"145,102"
WLX761,"245,065"
WLX762,"321,408"
WLX762,"321,408"
WLX764,"271,036"
WNC223,"289,712"
WLX766,"659,425"
WLX767,"140,291"
WLX768,"191,964"
WLX769,"301,964"
WLX770,"981,377"
WLX772,"128,669"
WLX773,"2,390,758"
WLX775,"140,757"
WLX776,"143,099"
WLX777,"271,229"
WLX779,"49,408"
WLX780,"588,249"
WLX783,"143,099"
WLX784,"266,058"
WLX785,"176,741"
WLX844,"301,964"
WLX787,"2,666,196"
WLX788,"266,276"
WLX789,"2,714,676"
WLX790,"2,666,196"
WLX792,"211,064"
WLX793,"152,082"
WLX794,"524,296"
WLX795,"375,570"
WLX796,"90,049"
WLX797,"410,549"
WLX798,"72,783"
WLX799,"84,885"
WLX800,"72,781"
WLX801,"72,781"
WLX802,"290,193"
WLX803,"2,141,344"
WLX804,"301,051"
WLX805,"1,955,893"
WLX806,"169,241"
WLX807,"285,019"
WLX808,"278,818"
WLX812,"70,770"
WLX813,"677,933"
WLX814,"468,119"
WLX815,"1,979,269"
WLX816,"4,419,297"
WLX817,"245,947"
WLX818,"245,947"
WLX819,"270,495"
WLX820,"377,958"
WLX821,"172,342"
WLX822,"4,908,052"
WLX823,"5,403,767"
WLX824,"4,147,857"
WLX825,"4,908,052"
WLX827,"290,090"
WLX828,"93,101"
WLX829,"677,078"
WLX830,"370,381"
WLX831,"1,723,047"
WLX832,"676,478"
WLX833,"659,484"
WLX834,"283,204"
WLX835,"143,099"
WLX836,"271,229"
WLX837,"283,204"
WLX838,"245,504"
WLX839,"522,486"
WLX840,"823,855"
WLX841,"541,045"
WLX842,"172,342"
WLX843,"3,240,079"
WNC305,"280,468"
WLX845,"132,284"
WLX846,"248,264"
WLX848,"820,903"
WLX849,"137,890"
WLX850,"456,848"
WLX850,"456,848"
WLX851,"784,805"
WND207,"298,044"
WLX853,"35,999"
WLX854,"391,049"
WLX855,"101,118"
WLX856,"266,269"
WLX860,"211,064"
WLX861,"375,545"
WLX862,"511,656"
WLX517,"282,137"
WLX864,"474,197"
WNC468,"281,953"
WNC586,"275,342"
WLX867,"266,048"
WLX868,"172,605"
WQCV825,"275,342"
WLX870,"1,057,354"
WLX871,"456,848"
WLX871,"456,848"
WLX872,"149,284"
WLX873,"226,492"
WLX874,"2,337,095"
WLX875,"305,700"
WLX876,"140,784"
WLX877,"240,106"
WLX878,"538,068"
WLX879,"304,175"
WLX880,"538,068"
WLX881,"538,068"
WLX882,"8,310"
WLX883,"545,031"
WLX884,"704,234"
WLX885,"428,525"
WLX885,"428,525"
WLX886,"102,800"
WLX887,"541,045"
WLX888,"704,234"
WLX890,"133,224"
WLX891,"121,801"
WLX892,"29,095"
WLX893,"83,836"
WLX894,"123,663"
WLX897,"211,064"
WLX900,"45,809"
WLX903,"83,847"
WLX904,"222,206"
WLX905,"324,855"
WLX905,"324,855"
WLX906,"820,569"
WLX907,"1,275,670"
WLX908,"456,679"
WLX908,"456,679"
WLX914,"820,903"
WLX915,"49,909"
WLX916,"226,492"
WLX917,"96,685"
WLX918,"309,563"
WLX919,"209,392"
WLX920,"96,726"
WLX922,"1,419,408"
WLX923,"86,003"
WLX924,"392,975"
WLX925,"65,854"
WLX926,"474,197"
WLX927,"140,463"
WLX928,"340,849"
WLX929,"788,456"
WLX930,"1,362,846"
WLX931,"283,204"
WLX932,"76,665"
WLX933,"110,061"
WLX935,"70,770"
WLX936,"65,381"
WLX938,"8,310"
WLX939,"439,045"
WLX940,"1,617,132"
WLX941,"642,735"
WND283,"267,628"
WLX943,"604,378"
WLX945,"410,000"
WLX946,"907,458"
WLX948,"379,592"
WLX949,"622,884"
WLX950,"1,228,673"
WLX951,"492,956"
WLX954,"668,315"
WLX955,"668,315"
WLX956,"668,315"
WLX958,"80,576"
WLX961,"55,544"
WLX962,"1,066,308"
WLX964,"36,152"
WNC307,"266,104"
WLX966,"127,345"
WLX967,"140,757"
WLX972,"238,869"
WLX974,"69,781"
WLX975,"298,484"
WLX977,"324,855"
WLX978,"1,582,268"
WLX979,"320,919"
WLX980,"8,310"
WLX981,"1,145,405"
WNC304,"256,944"
WLX985,"57,308"
WLX986,"83,836"
WLX987,"324,855"
WLX988,"65,499"
WLX989,"615,899"
WLX990,"615,571"
WLX992,"875,112"
WLX993,"90,781"
WLX994,"302,983"
WLX996,"432,121"
WLX997,"54,633"
WLX998,"349,287"
WLX999,"233,442"
WMX622,"445,754"
WMX623,"445,754"
WMX624,"234,606"
WMX625,"234,606"
WMX626,"609,565"
WMX627,"285,019"
WMX628,"311,777"
WMX629,"451,928"
WMX631,"210,631"
WMX634,"125,367"
WMX636,"61,661"
WMX637,"29,289"
WMX638,"507,806"
WMX639,"189,180"
WMX640,"474,027"
WMX641,"29,289"
WMX644,"677,933"
WMX645,"192,109"
WMX646,"677,933"
WMX647,"285,805"
WMX648,"115,141"
WMX649,"119,495"
WMX650,"292,818"
WMX652,"209,392"
WMX653,"209,392"
WMX656,"144,178"
WMX659,"298,484"
WMX660,"298,484"
WNC713,"244,806"
WNC692,"234,021"
WNC830,"231,230"
WNC535,"231,196"
WNC687,"213,047"
WNC636,"213,022"
WMX667,"89,652"
WMX668,"204,590"
WMX671,"235,668"
WMX672,"52,852"
WMX673,"54,391"
WMX674,"267,628"
WMX675,"303,825"
WMX676,"700,864"
WMX678,"144,178"
WMX680,"267,628"
WMX683,"125,367"
WMX684,"204,590"
WMX685,"52,852"
WND293,"211,112"
WNC345,"199,297"
WMX691,"351,207"
WMX692,"80,848"
WMX693,"80,848"
WNC510,"195,311"
WNC341,"192,714"
WMX712,"30,115"
WMX713,"1,199,018"
WNC590,"186,364"
WNC594,"186,215"
WMX716,"30,115"
WMX717,"54,391"
WMY277,"89,754"
WMY278,"89,754"
WMY279,"91,731"
WNC200,"245,154"
WNC201,"167,278"
WNC202,"1,161,408"
WNC203,"700,864"
WNC204,"82,492"
WNC205,"474,465"
WNC206,"474,492"
WNC207,"474,492"
WNC208,"5,992,641"
WNC211,"147,496"
WNC213,"246,618"
WNC215,"76,665"
WNC216,"35,999"
WNC218,"109,333"
WHR950,"183,914"
WNC221,"95,051"
WNC222,"354,169"
WLX368,"170,708"
WNC226,"152,082"
WNC227,"137,890"
WNC228,"92,775"
WNC229,"165,183"
WNC229,"165,183"
WNC231,"517,320"
WNC232,"316,788"
WNC233,"165,183"
WNC233,"165,183"
WQCN270,"163,964"
WNC235,"367,711"
WNC236,"517,320"
WNC237,"517,320"
WNC238,"517,320"
WNC239,"456,937"
WNC240,"907,468"
WNC241,"907,468"
WNC242,"907,468"
WNC243,"410,000"
WNC244,"410,000"
WNC245,"410,000"
WNC246,"818,212"
WNC247,"841,765"
WNC248,"820,739"
WNC249,"820,738"
WNC250,"91,881"
WNC251,"265,717"
WNC254,"165,867"
WNC255,"199,412"
WNC256,"226,717"
WNC257,"168,584"
WNC258,"93,696"
WNC260,"548,130"
WNC261,"953,207"
WNC262,"111,153"
WNC266,"570,080"
WNC267,"615,571"
WNC268,"81,751"
WNC275,"870,238"
WNC276,"141,332"
WNC277,"229,680"
WNC278,"173,594"
WNC280,"137,997"
WNC283,"103,969"
WNC285,"148,387"
WNC286,"403,695"
WNC287,"383,916"
WNC288,"111,585"
WNC289,"231,555"
WNC290,"1,363,443"
WNC291,"193,673"
WLX540,"153,376"
WNC293,"511,914"
WNC294,"203,994"
WNC297,"607,344"
WNC298,"789,167"
WNC299,"789,185"
WNC300,"4,128"
WNC301,"65,844"
WNC303,"76,937"
WLX609,"157,570"
WLX863,"149,284"
WQCI646,"149,163"
WNC308,"1,704,871"
WNC309,"319,046"
WNC310,"319,046"
WNC314,"232,179"
WNC315,"264,634"
WNC316,"36,152"
WNC317,"412,471"
WNC318,"412,471"
WNC321,"2,647,901"
WNC322,"117,732"
WNC323,"104,150"
WNC324,"495,094"
WNC325,"49,179"
WLX591,"148,116"
WNC329,"60,832"
WNC330,"50,794"
WNC331,"50,973"
WNC332,"50,973"
WLX438,"148,096"
WNC334,"104,150"
WNC335,"495,094"
WNC337,"169,241"
WNC338,"1,161,421"
WNC339,"191,387"
WNC340,"102,800"
WNC913,"137,710"
WNC342,"51,989"
WNC343,"47,596"
WNC344,"51,989"
WND421,"133,013"
WNC346,"381,079"
WNC348,"140,757"
WNC349,"907,468"
WNC350,"262,475"
WNC351,"262,475"
WNC352,"147,480"
WNC353,"1,161,408"
WNC354,"64,807"
WNC356,"888,743"
WNC357,"233,442"
WNC358,"1,274,881"
WNC359,"1,363,218"
WNC360,"264,696"
WNC362,"90,861"
WNC363,"1,275,670"
WNC364,"86,032"
WNC365,"134,960"
WNC366,"402,735"
WNC367,"204,068"
WNC368,"305,061"
WNC369,"305,298"
WNC370,"304,779"
WNC372,"245,315"
WNC373,"875,112"
WNC374,"216,422"
WNC375,"264,634"
WNC376,"116,457"
WNC377,"178,558"
WNC378,"55,544"
WNC379,"497,148"
WNC380,"95,051"
WNC381,"3,871,054"
WNC383,"289,132"
WNC384,"472,432"
WNC385,"891,463"
WNC386,"319,738"
WNC387,"264,696"
WNC388,"289,116"
WNC389,"375,545"
WNC390,"375,545"
WNC392,"97,483"
WNC393,"78,992"
WNC397,"223,327"
WNC398,"70,901"
WNC399,"207,715"
WNC400,"55,209"
WNC401,"616,816"
WNC402,"42,255"
WNC403,"99,739"
WNC404,"95,975"
WNC405,"439,045"
WNC406,"354,011"
WNC407,"189,180"
WQCN711,"132,023"
WNC410,"120,711"
WNC411,"354,417"
WNC412,"99,779"
WNC414,"714,651"
WNC409,"126,349"
WNC416,"111,241"
WNC417,"119,514"
WLX731,"115,486"
WNC421,"244,177"
WNC422,"550,853"
WNC424,"48,009"
WNC425,"203,994"
WNC426,"37,871"
WNC428,"73,888"
WNC430,"266,512"
WNC434,"179,316"
WNC435,"1,161,408"
WND232,"114,690"
WHG355,"114,565"
WNC438,"62,619"
WNC439,"62,619"
WNC441,"375,597"
WNC442,"62,619"
WNC445,"268,856"
WNC446,"65,845"
WNC447,"65,854"
WNC448,"1,375,574"
WNC449,"1,295,989"
WNC450,"597,466"
WNC451,"522,486"
WNC452,"493,594"
WNC453,"92,598"
WNC454,"92,247"
WNC455,"8,310"
WNC456,"329,082"
WNC457,"329,082"
WNC458,"8,341"
WNC459,"59,899"
WNC461,"110,222"
WNC462,"109,128"
WNC418,"111,241"
WNC465,"373,016"
WNC466,"668,315"
WND228,"110,558"
WNC470,"650,682"
WNC471,"650,589"
WNC472,"788,268"
WNC474,"81,284"
WNC476,"81,284"
WNC476,"81,284"
WNC477,"81,284"
WNC478,"233,442"
WNC479,"302,400"
WNC480,"81,189"
WNC483,"1,145,180"
WNC484,"2,168,965"
WNC486,"1,098,143"
WNC487,"384,523"
WNC489,"1,258,457"
WNC491,"1,258,457"
WNC492,"155,868"
WNC494,"231,402"
WNC495,"231,402"
WNC495,"231,402"
WNC499,"205,914"
WNC500,"102,783"
WNC501,"102,116"
WNC502,"121,801"
WNC503,"121,801"
WNC504,"83,836"
WNC505,"83,836"
WNC508,"1,969,814"
WNC509,"485,284"
WND569,"150,371"
WNC511,"97,766"
WNC513,"193,326"
WNC514,"359,629"
WNC515,"885,518"
WNC516,"156,025"
WNC517,"85,579"
WNC518,"332,491"
WNC519,"334,387"
WNC521,"1,596,332"
WNC523,"123,529"
WNC524,"210,791"
WNC525,"188,268"
WNC526,"384,523"
WNC527,"384,523"
WNC528,"42,603"
WNC529,"255,662"
WNC530,"63,604"
WNC531,"270,249"
WNC533,"55,621"
WNC534,"180,420"
WLX722,"107,211"
WNC538,"720,010"
WNC539,"863,952"
WNC540,"384,523"
WNC542,"127,301"
WNC544,"189,395"
WNC546,"271,925"
WNC547,"278,017"
WNC548,"93,302"
WNC549,"54,850"
WNC552,"307,976"
WNC557,"336,319"
WNC558,"1,979,269"
WNC560,"4,528,463"
WNC561,"4,526,808"
WND294,"106,654"
WNC563,"224,802"
WNC564,"322,643"
WNC565,"772,484"
WNC566,"8,914,633"
WNC569,"239,848"
WNC572,"820,903"
WNC574,"388,522"
WNC575,"205,985"
WLX653,"101,118"
WNC582,"4,622,174"
WNC583,"909,182"
WNC584,"889,746"
WNC585,"275,342"
WHR879,"99,933"
WND249,"98,658"
WNC588,"165,183"
WNC588,"165,183"
WHR954,"94,021"
WNC591,"116,079"
WNC592,"116,061"
WLX786,"90,668"
WNC595,"91,881"
WNC596,"89,208"
WNC597,"91,881"
WNC333,"110,774"
WNC601,"118,481"
WNC602,"345,484"
WNC607,"373,076"
WNC608,"373,076"
WNC609,"373,076"
WNC610,"686,543"
WNC612,"334,387"
WNC613,"334,387"
WNC614,"295,154"
WNC615,"263,315"
WNC616,"372,726"
WNC617,"409,318"
WNC618,"409,318"
WNC619,"44,715"
WNC620,"372,726"
WNC621,"119,170"
WNC622,"372,726"
WNC623,"119,170"
WNC647,"68,597"
WNC627,"188,268"
WNC628,"184,356"
WNC629,"188,268"
WNC630,"188,268"
WNC631,"55,691"
WNC632,"89,459"
WNC633,"592,860"
WND529,"68,597"
WNC637,"454,626"
WNC638,"1,258,457"
WNC639,"355,794"
WNC641,"85,577"
WNC644,"191,493"
WNC645,"1,549,665"
WHR756,"66,297"
WNC648,"1,258,457"
WNC649,"293,540"
WNC650,"290,930"
WNC651,"298,759"
WNC652,"298,759"
WNC653,"938,635"
WNC654,"298,307"
WNC655,"148,326"
WNC658,"146,600"
WNC660,"60,225"
WNC661,"141,708"
WNC662,"59,127"
WNC664,"2,390,333"
WNC665,"714,435"
WNC669,"211,904"
WLX400,"65,385"
WNC676,"485,755"
WNC678,"1,419,769"
WNC679,"388,199"
WNC681,"1,656,513"
WNC682,"180,280"
WNC684,"592,704"
WNC685,"111,592"
WNC686,"1,098,143"
WLX428,"64,566"
WNC689,"584,835"
WND231,"60,850"
WNC693,"1,033,696"
WNC694,"387,545"
WNC695,"282,551"
WNC696,"60,225"
WNC697,"167,676"
WNC698,"332,294"
WNC698,"332,294"
WNC699,"358,888"
WNC700,"615,259"
WNC700,"615,259"
WNC701,"381,079"
WNC702,"111,078"
WNC703,"186,013"
WNC705,"4,393,526"
WNC706,"332,294"
WNC706,"332,294"
WNC707,"584,835"
WNC708,"2,712,086"
WNC709,"220,378"
WNC711,"141,708"
WNC712,"118,481"
WNC972,"59,175"
WNC715,"4,291"
WNC717,"650,589"
WNC718,"662,800"
WNC723,"123,833"
WNC724,"522,209"
WNC725,"615,259"
WNC725,"615,259"
WNC728,"141,725"
WNC729,"81,732"
WNC731,"144,188"
WNC732,"319,738"
WNC733,"348,761"
WNC734,"348,761"
WNC735,"677,933"
WNC736,"114,583"
WNC738,"144,188"
WNC740,"114,583"
WNC742,"190,534"
WNC743,"114,583"
WNC746,"190,534"
WLX865,"57,901"
WNC748,"714,623"
WNC749,"284,976"
WNC750,"250,501"
WNC751,"250,501"
WNC753,"46,483"
WNC755,"46,483"
WNC756,"46,483"
WND484,"55,440"
WNC759,"298,484"
WNC761,"141,725"
WNC762,"46,483"
WNC763,"141,725"
WNC764,"141,725"
WNC765,"50,173"
WNC767,"22,423"
WNC769,"146,795"
WNC770,"37,871"
WNC771,"298,484"
WNC772,"81,732"
WNC773,"81,732"
WNC774,"43,826"
WNC778,"419,992"
WNC779,"250,501"
WNC780,"77,083"
WNC781,"75,435"
WNC782,"75,533"
WNC783,"72,619"
WNC784,"77,083"
WHR678,"54,455"
WNC786,"953,207"
WNC787,"474,197"
WNC788,"635,844"
WNC789,"497,417"
WNC758,"52,401"
WNC794,"86,242"
WNC796,"37,871"
WNC797,"43,826"
WNC798,"43,826"
WNC801,"144,188"
WNC802,"40,892"
WNC803,"551,687"
WNC804,"4,119,200"
WNC807,"141,194"
WNC809,"109,333"
WNC810,"109,333"
WNC811,"259,782"
WNC812,"86,242"
WNC813,"86,242"
WNC814,"86,242"
WNC815,"204,590"
WNC816,"204,590"
WNC817,"188,499"
WNC818,"188,499"
WNC820,"28,311"
WNC821,"121,801"
WNC821,"121,801"
WNC822,"121,801"
WNC823,"2,441,458"
WNC824,"2,715,295"
WNC825,"34,656"
WNC826,"51,960"
WNC827,"28,311"
WNC828,"46,091"
WNC829,"221,508"
WNC581,"49,596"
WNC831,"257,648"
WNC832,"221,508"
WNC833,"403,883"
WNC834,"403,820"
WNC835,"403,877"
WNC836,"3,465,025"
WNC837,"29,472"
WNC840,"759,041"
WNC842,"43,811"
WNC843,"267,345"
WNC844,"271,866"
WNC845,"5,203,364"
WNC846,"391,650"
WNC847,"391,650"
WNC848,"391,650"
WNC849,"391,650"
WNC850,"391,650"
WNC851,"1,967,973"
WNC852,"133,959"
WNC853,"190,777"
WNC854,"415,537"
WNC855,"174,787"
WNC856,"389,438"
WNC859,"1,408,952"
WNC860,"1,234,537"
WNC863,"496,941"
WNC864,"242,027"
WNC865,"285,019"
WNC866,"126,473"
WNC867,"261,275"
WNC868,"254,847"
WNC873,"592,860"
WNC874,"566,704"
WNC875,"592,860"
WNC876,"285,019"
WNC878,"24,615"
WNC879,"24,615"
WNC883,"408,528"
WNC884,"283,204"
WNC885,"280,192"
WNC886,"170,376"
WNC887,"170,376"
WNC888,"170,376"
WNC889,"170,376"
WNC890,"170,376"
WNC891,"684,380"
WNC892,"60,670"
WNC893,"133,013"
WNC894,"104,495"
WNC895,"43,640"
WNC899,"31,330"
WNC900,"36,525"
WNC902,"172,869"
WNC903,"168,963"
WNC904,"169,348"
WNC905,"169,453"
WNC906,"180,895"
WNC908,"181,059"
WNC909,"181,059"
WNC910,"181,059"
WNC911,"181,059"
WND488,"46,859"
WNC914,"123,833"
WNC915,"720,861"
WNC916,"345,464"
WNC919,"758,060"
WNC926,"1,210,657"
WNC929,"350,103"
WNC935,"190,534"
WNC936,"350,628"
WNC938,"307,588"
WNC939,"1,210,657"
WNC940,"1,210,657"
WNC943,"26,986"
WNC944,"117,686"
WNC945,"121,362"
WNC951,"56,755"
WNC952,"52,349"
WNC953,"52,349"
WNC956,"35,604"
WNC959,"49,887"
WNC960,"49,887"
WNC964,"319,135"
WNC965,"367,603"
WMX708,"46,085"
WMX707,"45,819"
WNC975,"294,499"
WNC976,"294,499"
WNC978,"1,210,555"
WNC979,"365,022"
WNC980,"429,528"
WNC983,"544,353"
WNC984,"507,681"
WNC986,"245,947"
WNC987,"204,590"
WNC988,"1,577,807"
WNC989,"607,100"
WNC990,"2,037,373"
WNC992,"359,629"
WND204,"422,516"
WND205,"464,335"
WND206,"298,044"
WNC598,"89,208"
WND208,"714,623"
WND209,"714,623"
WND210,"58,834"
WND211,"839,944"
WND215,"226,492"
WND216,"226,492"
WND218,"435,721"
WMX689,"42,614"
WQCP981,"40,851"
WND221,"217,028"
WND222,"231,054"
WND223,"550,355"
WND224,"554,059"
WND225,"544,769"
WND226,"541,152"
WND227,"554,059"
WMX690,"40,799"
WND229,"58,694"
WND230,"113,848"
WMX665,"40,292"
WMX666,"40,292"
WND233,"209,392"
WND234,"1,025,300"
WND235,"881,212"
WND236,"474,360"
WND238,"123,849"
WND240,"548,130"
WND242,"3,421,637"
WND243,"280,165"
WND244,"436,717"
WND245,"678,321"
WND247,"271,178"
WND248,"39,919"
WQCN537,"39,617"
WND252,"395,990"
WND253,"745,566"
WND255,"1,846,606"
WND256,"1,120,094"
WND257,"1,185,483"
WND258,"1,753,003"
WND259,"1,062,459"
WND260,"503,053"
WND261,"1,343,706"
WND262,"189,180"
WND263,"189,180"
WND264,"345,484"
WND265,"123,833"
WND273,"262,962"
WND274,"262,475"
WND276,"212,677"
WND279,"183,947"
WND280,"159,359"
WND282,"267,628"
WQCP885,"39,617"
WND286,"130,512"
WND287,"130,512"
WND288,"130,512"
WND289,"1,736,850"
WND291,"659,048"
WND292,"650,010"
WNC562,"31,738"
WLX965,"31,585"
WND295,"340,576"
WND296,"2,163,643"
WND297,"2,168,965"
WND298,"271,875"
WND299,"438,755"
WND300,"512,495"
WND301,"512,806"
WND301,"512,806"
WND302,"438,755"
WND303,"182,079"
WND304,"181,817"
WND305,"181,817"
WND307,"180,565"
WND308,"84,251"
WND309,"316,463"
WND310,"197,203"
WND311,"232,033"
WND313,"1,925,330"
WND320,"222,130"
WND321,"209,056"
WND322,"209,056"
WND323,"209,193"
WND324,"222,267"
WND326,"78,370"
WND327,"71,242"
WND328,"55,981"
WND329,"55,981"
WND330,"85,157"
WND331,"75,462"
WND332,"90,989"
WND334,"630,983"
WND335,"513,560"
WND345,"101,051"
WND347,"175,335"
WND348,"175,335"
WND350,"175,335"
WND351,"252,737"
WND352,"86,253"
WND353,"345,931"
WND354,"345,931"
WND355,"452,077"
WND356,"452,252"
WND357,"452,252"
WND358,"436,453"
WND359,"496,785"
WND360,"568,463"
WND361,"582,437"
WND362,"621,304"
WND363,"786,732"
WND364,"582,437"
WND366,"267,628"
WND367,"345,484"
WND368,"57,128"
WND369,"416,730"
WND370,"432,289"
WND371,"280,165"
WND372,"1,882,294"
WND373,"1,880,923"
WND374,"1,019,813"
WND375,"209,392"
WND376,"130,512"
WND377,"136,479"
WND381,"1,573,890"
WND382,"1,482,929"
WND383,"1,391,967"
WND384,"1,573,879"
WND385,"1,573,879"
WND392,"1,519,782"
WND393,"302,983"
WND394,"276,784"
WND395,"295,075"
WND396,"296,808"
WND397,"310,695"
WND398,"145,508"
WND400,"367,603"
WND401,"700,849"
WND402,"154,445"
WND403,"146,795"
WND404,"146,795"
WND405,"57,820"
WND406,"89,932"
WND407,"89,932"
WND408,"108,572"
WND409,"108,572"
WND410,"633,875"
WND411,"251,754"
WND412,"344,378"
WND413,"297,457"
WND414,"857,050"
WND415,"227,067"
WND416,"270,345"
WND417,"270,345"
WND419,"342,079"
WQCN267,"28,311"
WND426,"227,626"
WND427,"227,067"
WND428,"227,067"
WND429,"120,448"
WND432,"239,280"
WND434,"333,003"
WND448,"222,206"
WND449,"513,777"
WND450,"283,249"
WND454,"272,621"
WND455,"1,138,582"
WND458,"413,553"
WND459,"409,831"
WND460,"348,761"
WND461,"397,129"
WND462,"413,553"
WND465,"104,306"
WND466,"104,306"
WND467,"104,306"
WND468,"105,392"
WND469,"104,306"
WND470,"203,907"
WND471,"203,907"
WND473,"202,644"
WND475,"1,405,877"
WND476,"234,153"
WND478,"1,235,545"
WND483,"348,761"
WLX602,"19,793"
WND487,"348,761"
WLX607,"19,793"
WND492,"746,082"
WND494,"1,096,290"
WND496,"2,390,333"
WND497,"2,390,333"
WND498,"2,390,333"
WND499,"2,390,333"
WND503,"168,345"
WND507,"460,532"
WND514,"1,937,801"
WND515,"1,937,801"
WND516,"203,907"
WND517,"203,907"
WND518,"1,060,943"
WND519,"665,777"
WND521,"127,881"
WND522,"86,172"
WND524,"342,855"
WND525,"342,855"
WND525,"342,855"
WND526,"366,555"
WND527,"342,909"
WND528,"342,909"
WMX661,"18,866"
WND530,"129,418"
WND535,"83,724"
WND536,"60,639"
WND537,"73,901"
WND539,"1,343,290"
WND540,"43,826"
WND543,"1,399,352"
WND544,"1,060,437"
WND545,"1,060,437"
WND546,"2,054,078"
WND547,"1,972,428"
WND548,"266,062"
WND549,"674,213"
WND550,"165,801"
WND551,"118,833"
WND552,"476,423"
WND554,"100,075"
WND555,"940,029"
WND557,"98,434"
WND557,"98,434"
WND558,"98,434"
WND558,"98,434"
WND559,"541,965"
WND560,"233,442"
WND561,"1,082,245"
WND562,"630,520"
WND563,"1,498,021"
WND565,"632,716"
WND566,"142,414"
WND568,"33,160"
WMX662,"18,866"
WND570,"167,645"
WND574,"1,225,076"
WND575,"1,522,769"
WND576,"1,522,769"
WND577,"1,524,920"
WND578,"1,225,076"
WND579,"377,008"
WND579,"377,008"
WND580,"535,734"
WND581,"535,734"
WND582,"582,844"
WND583,"200,810"
WND584,"200,810"
WND585,"200,810"
WND586,"200,810"
WND587,"234,275"
WND588,"350,628"
WND589,"350,591"
WND591,"302,072"
WND592,"1,096,675"
WND593,"1,524,920"
WND594,"1,125,973"
WLX692,"18,002"
WND597,"516,170"
WND598,"2,214,364"
WND599,"2,202,918"
WND600,"1,553,516"
WND601,"1,595,831"
WND602,"586,879"
WND603,"394,406"
WND604,"382,034"
WND605,"481,375"
WND606,"379,255"
WND607,"377,554"
WND608,"419,090"
WND609,"434,146"
WND611,"306,597"
WND612,"1,204,462"
WND613,"1,283,728"
WND616,"521,598"
WND617,"520,953"
WND618,"780,533"
WND619,"800,672"
WND620,"1,136,948"
WND622,"593,353"
WND623,"445,655"
WND624,"142,602"
WND626,"323,511"
WND627,"26,986"
WND632,"9,141,330"
WND679,"864,636"
WND679,"864,636"
WND680,"864,636"
WND680,"864,636"
WND681,"271,875"
WNTA285,"2,596,754"
WLX869,"16,449"
WOW99,"1,970,950"
WQAB902,"2,441,423"
WQAI668,"31,330"
WQAM573,"717,772"
WQAR738,"175,335"
WQBL500,"362,142"
WQBL503,"395,186"
WQBL504,"395,186"
WQCH847,"246,604"
WQCI578,"248,577"
WQCI587,"1,914,678"
WMX714,"14,694"
WQCI659,"176,630"
WQCI690,"140,365"
WQCI715,"141,708"
WQCK957,"446,225"
WQCK961,"72,534"
WQCK987,"275,376"
WQCL437,"72,534"
WQCL444,"446,225"
WQCL447,"459,206"
WQCL455,"143,134"
WQCM439,"141,708"
WQCM973,"514,812"
WMX715,"14,694"
WMX663,"10,201"
WQCN524,"207,126"
WQCN525,"562,639"
WQCN526,"143,216"
WQCN528,"635,343"
WQCN535,"164,838"
WMX664,"10,201"
WQCN570,"141,708"
WLX942,"31,352"
WQCP223,"184,060"
WQCP228,"403,814"
WQCP360,"1,089,177"
WQCP374,"184,060"
WQCP378,"80,826"
WQCP507,"849,265"
WQCP827,"601,561"
WQCP828,"564,346"
WQCP829,"506,803"
WQCP830,"520,726"
WQCP884,"633,875"
WNC624,"4,741"
WHB842,"15,298"
WQCP982,"483,847"
WQCQ267,"1,365,937"
WQCQ365,"43,826"
WQCQ366,"41,258"
WQCQ367,"80,826"
WQCQ692,"213,791"
WQCQ693,"213,883"
WQCQ694,"213,883"
WQCQ695,"213,791"
WQCQ718,"1,421,238"
WQCQ857,"35,751"
WQCQ861,"134,150"
WQCQ937,"139,075"
WQCR282,"80,826"
WQCR294,"619,213"
WQCR554,"789,796"
WHR749,"510,936"
WQCR737,"498,903"
WQCR739,"201,119"
WQCT296,"2,229,291"
WQCT674,"634,551"
WQCU376,"2,489,756"
WQCU381,"267,246"
WQCV200,"745,779"
WNC974,"56,366"
WQCY880,"62,501"
WQDZ549,"25,297"
WQFG870,"129,796"
WQFY338,"2,168,965"
WQGI323,"824,620"
WQGI340,"825,088"
WQGK277,"483,847"
WQGY259,"1,969,814"
WQIZ681,"1,577,232"
WQJI405,"2,229,291"
WQJI817,"3,852,217"
WQJZ200,"68,866"
WQOH794,"52,507"
WQOH798,"24,818"
WQST793,"68,865"
WQST798,"68,865"
WQST799,"68,865"
WQST801,"68,866"
WQST802,"68,865"
WQSW538,"1,208,216"
WQUT992,
WQXK924,"88,502"
WQXL755,"38,973"
WQXM461,"41,466"
WQXM685,"12,175"
WQXM686,"17,532"
WQXM697,"46,405"
WQXN211,"48,962"
WQXS462,
WQXS464,
WQXS628,"119,468"
WQYR562,"203,294"
WQYR563,"203,294"
WRAT732,
WRAT818,
WRBR756,
WRDL997,"180,151"
WRDM247,"2,814"
WSA39,"835,203"
WSA40,"2,176,908"
WSJ70,"3,647,226"
WRDL998,
WRDV911,
WREA814,
WRFT907,
WRFT926,
WRHU471,
WRHU628,
WRJB250,
WRJH453,
WRJH986,
WRJS780,
WRJS783,
WRJS785,
WRJS786,
WRJS788,
WRJS789,
WRJS790,
WRJS791,
WRJS792,
WRJS793,
WRJS794,
WRJS795,
WRJS796,
WRJS797,
WRJS798,
WRJS801,
WRJS802,
WRJS803,
WRJS804,
WRJS805,
WRJS808,
WRJS809,
WRJS810,
WRJS811,
WRJS812,
WRJS813,
WRJS814,
WRJS815,
WRJS816,
WRJS817,
WRJS818,
WRJS819,
WRJS820,
WRJS821,
WRJS822,
WRJS823,
WRJS824,
WRJS825,
WRJS826,
WRJS827,
WRJS828,
WRJS829,
WRJS830,
WRJS831,
WRJS832,
WRJS833,
WRJS834,
WRJS835,
WRJS836,
WRJS837,
WRJS838,
WRJS839,
WRJS840,
WRJS841,
WRJS842,
WRJS843,
WRJS845,
WRJS846,
WRJS847,
WRJS849,
WRJS850,
WRJS851,
WRJS852,
WRJS854,
WRJS855,
WRJS856,
WRJS857,
WRJS862,
WRJS863,
WRJS867,
WRJS868,
WRJS869,
WRJS870,
WRJS871,
WRJS873,
WRJS874,
WRJS877,
WRJS878,
WRJS879,
WRJS880,
WRJS881,
WRJS882,
WRJS884,
WRJS885,
WRJS886,
WRJS887,
WRJS888,
WRJS889,
WRJS890,
WRJS891,
WRJS892,
WRJS893,
WRJS894,
WRJS895,
WRJS896,
WRJS897,
WRJS898,
WRJS899,
WRJS900,
WRJS901,
WRJS902,
WRJS903,
WRJS904,
WRJS905,
WRJS906,
WRJS907,
WRJS908,
WRJS909,
WRJS910,
WRJS911,
WRJS912,
WRJS913,
WRJS914,
WRJS915,
WRJS916,
WRJS917,
WRJS918,
WRJS919,
WRJS920,
WRJS921,
WRJS922,
WRJS923,
WRJS924,
WRJS925,
WRJS926,
WRJS927,
WRJS928,
WRJS930,
WRJS931,
WRJS932,
WRJS933,
WRJS934,
WRJS935,
WRJS936,
WRJS937,
WRJS938,
WRJS939,
WRJS940,
WRJS941,
WRJS942,
WRJS943,
WRJS944,
WRJS945,
WRJS946,
WRJS947,
WRJS948,
WRJS949,
WRJS950,
WRJS951,
WRJS952,
WRJS953,
WRJS954,
WRJT281,
WRJT284,
