Call Sign,License Key,Radio Service
B001,2589780,BR
B002,2589781,BR
B003,2591988,BR
B004,2589782,BR
B005,2589783,BR
B006,2591989,BR
B007,2593491,BR
B009,2591990,BR
B011,2589786,BR
B012,2593492,BR
B013P01,2590164,BR
B013P02,2592185,BR
B014,2589787,BR
B015,2589788,BR
B017,2589789,BR
B018,2593493,BR
B019,2593494,BR
B020,2589790,BR
B021,2589791,BR
B022,2589792,BR
B024,2589793,BR
B026,2591994,BR
B027,2589794,BR
B028,2589795,BR
B029,2591995,BR
B030,2589796,BR
B031,2589797,BR
B032,2593496,BR
B036,2589799,BR
B037,2589800,BR
B038,2591997,BR
B039,2589801,BR
B040,2593498,BR
B041,2589802,BR
B042,2591998,BR
B043,2589803,BR
B044,2589804,BR
B045,2591999,BR
B046,2593499,BR
B047,2589805,BR
B049,2589806,BR
B050,2589807,BR
B051,2589808,BR
B052,2592000,BR
B054,2589809,BR
B055,2592001,BR
B057,2589811,BR
B058,2592002,BR
B059,2593502,BR
B060,2589812,BR
B061,2593503,BR
B062,2589813,BR
B064,2842970,BR
B065,2592003,BR
B066,2589815,BR
B067,2589816,BR
B068,2592004,BR
B069,2589817,BR
B071,2592005,BR
B073,2589819,BR
B074,2589820,BR
B075,2593506,BR
B076,2589821,BR
B077,2593507,BR
B078,2592006,BR
B079,2589822,BR
B081,2592007,BR
B083,2593508,BR
B084,2592008,BR
B085,2589825,BR
B086,2589826,BR
B087,2589827,BR
B088,2592009,BR
B089,2593509,BR
B090,2589828,BR
B091,2593510,BR
B092,2589829,BR
B093,2589830,BR
B094,2592010,BR
B095,2589831,BR
B097,2589832,BR
B098,2592011,BR
B099,2589833,BR
B100,2589834,BR
B101,2592012,BR
B102,2593512,BR
B103,2589835,BR
B106,2589837,BR
B107,2592013,BR
B108,2593514,BR
B109,2589838,BR
B110,2589839,BR
B111,2592014,BR
B112,2589840,BR
B114,2592015,BR
B115,2593515,BR
B116,2589842,BR
B117,2593516,BR
B118,2589843,BR
B119,2589844,BR
B120,2593517,BR
B122,2589845,BR
B123,2589846,BR
B125,2589847,BR
B126,2593518,BR
B127,2592018,BR
B128,2589848,BR
B129,2589849,BR
B130,2593519,BR
B131,2589850,BR
B133,2589851,BR
B134,2592019,BR
B136,2589852,BR
B138,2592020,BR
B140,2593521,BR
B141,2592021,BR
B142,2589855,BR
B143,2589856,BR
B144,2589857,BR
B145,2593522,BR
B146,2592022,BR
B147,2589858,BR
B148,2589859,BR
B149,2593523,BR
B150,2589860,BR
B151,2593524,BR
B152,2589861,BR
B153,2592023,BR
B154,2589862,BR
B155,2589863,BR
B156,2592024,BR
B157,2593525,BR
B158,2589864,BR
B159,2592025,BR
B160,2589865,BR
B161,2589866,BR
B164,2593527,BR
B165,2589868,BR
B166,2592026,BR
B167,2589869,BR
B169,2592027,BR
B170,2593528,BR
B171,2842537,BR
B172,2592028,BR
B173,2589872,BR
B175,2593529,BR
B176,2593530,BR
B177,2589874,BR
B181,2589876,BR
B184,2593531,BR
B185,2589878,BR
B186,2589879,BR
B187,2592031,BR
B188,2589880,BR
B191,2784207,BR
B192,2589881,BR
B193,2589882,BR
B194,2593533,BR
B195,2589883,BR
B196,2593534,BR
B197,2592033,BR
B198,2589884,BR
B199,2589885,BR
B200,2589886,BR
B201,2592034,BR
B202,2593535,BR
B203,2589887,BR
B204,2592035,BR
B205,2589888,BR
B206,2589889,BR
B207,2593536,BR
B208,2589890,BR
B209,2593537,BR
B210,2589891,BR
B211,2592036,BR
B212,2589892,BR
B213,2589893,BR
B214,2592037,BR
B216,2589894,BR
B217,2592038,BR
B219,2589896,BR
B220,2593539,BR
B221,2593540,BR
B222,2589897,BR
B223,2589898,BR
B224,2592039,BR
B225,2589899,BR
B226,2589900,BR
B227,2592040,BR
B228,2593541,BR
B229,2589901,BR
B230,2592041,BR
B231,2589902,BR
B232,2589903,BR
B233,2593542,BR
B234,2593543,BR
B235,2589904,BR
B236,2589905,BR
B237,2592042,BR
B238,2589906,BR
B239,2593544,BR
B240,2592043,BR
B241,2589907,BR
B242,2589908,BR
B243,2592044,BR
B245,2593545,BR
B246,2589910,BR
B247,2592045,BR
B248,2589911,BR
B249,2589912,BR
B250,2593546,BR
B251,2589913,BR
B253,2592046,BR
B255,2589914,BR
B256,2589915,BR
B257,2592048,BR
B260,2593549,BR
B262,2589918,BR
B263,2592049,BR
B264,2589919,BR
B265,2593550,BR
B266,2589920,BR
B267,2593551,BR
B268,2589921,BR
B271,2593552,BR
B272,2589923,BR
B273,2592051,BR
B274,2589924,BR
B275,2589925,BR
B276,2589926,BR
B277,2592052,BR
B278,2593553,BR
B279,2589927,BR
B280,2592053,BR
B281,2589928,BR
B282,2589929,BR
B283,2593554,BR
B285,2589930,BR
B286,2592054,BR
B288,2589932,BR
B289,2593556,BR
B290,2592055,BR
B291,2589933,BR
B292,2589934,BR
B294,2589935,BR
B295,2589936,BR
B296,2593557,BR
B297,2593558,BR
B298,2589937,BR
B299,2589938,BR
B300,2592057,BR
B301,2589939,BR
B302,2593559,BR
B303,2592058,BR
B304,2589940,BR
B305,2589941,BR
B307,2589942,BR
B308,2593560,BR
B309,2593561,BR
B310,2589943,BR
B311,2589944,BR
B312,2589945,BR
B313,2592060,BR
B314,2593562,BR
B315,2589946,BR
B316,2592061,BR
B317,2589947,BR
B318,2589948,BR
B319,2592062,BR
B320,2589949,BR
B321,2593563,BR
B322,2589950,BR
B323,2593564,BR
B324,2589951,BR
B325,2589952,BR
B326,2592063,BR
B327,2593565,BR
B328,2589953,BR
B329,2592064,BR
B330,2589954,BR
B331,2589955,BR
B332,2592065,BR
B334,2589956,BR
B335,2589957,BR
B336,2592066,BR
B338,2589959,BR
B339,2593567,BR
B340,2593568,BR
B341,2589960,BR
B342,2592067,BR
B343,2589961,BR
B344,2589962,BR
B345,2593569,BR
B346,2592068,BR
B347,2589963,BR
B348,2589964,BR
B349,2592069,BR
B350,2589965,BR
B351,2593570,BR
B353,2589966,BR
B354,2589967,BR
B356,2589968,BR
B357,2593572,BR
B358,2589969,BR
B359,2592071,BR
B360,2589970,BR
B361,2589971,BR
B362,2592072,BR
B363,2589972,BR
B364,2593573,BR
B365,2593574,BR
B366,2589973,BR
B367,2589974,BR
B368,2589975,BR
B369,2593575,BR
B371,2592073,BR
B372,2589976,BR
B374,2592074,BR
B375,2589978,BR
B376,2593576,BR
B377,2589979,BR
B378,2592075,BR
B379,2589980,BR
B381,2592076,BR
B382,2593577,BR
B383,2589982,BR
B384,2593578,BR
B385,2589983,BR
B386,2589984,BR
B387,2589985,BR
B389,2593579,BR
B390,2589986,BR
B391,2592078,BR
B392,2589987,BR
B393,2589988,BR
B394,2592079,BR
B395,2593580,BR
B396P01,2600925,BR
B397,2593581,BR
B398,2589990,BR
B399,2589991,BR
B400,2593582,BR
B401,2592080,BR
B402,2589992,BR
B403,2589993,BR
B404,2592081,BR
B406,2589995,BR
B409,2589996,BR
B410,2589997,BR
B413,2593585,BR
B414,2592083,BR
B415,2589999,BR
B416,2590000,BR
B417,2592084,BR
B418,2590001,BR
B419,2593586,BR
B420,2592085,BR
B421,2590002,BR
B422,2590003,BR
B423,2590004,BR
B424,2593587,BR
B425,2593588,BR
B426,2590005,BR
B427,2592086,BR
B428,2590006,BR
B429,2590007,BR
B430,2592087,BR
B433,2590009,BR
B434,2592088,BR
B436,2590011,BR
B437,2592089,BR
B438,2593590,BR
B439,2590012,BR
B440,2593591,BR
B441,2590013,BR
B443,2590014,BR
B445,2593592,BR
B446,2590015,BR
B447,2590016,BR
B448,2592091,BR
B449,2590017,BR
B450,2590018,BR
B451,2592092,BR
B452,2593593,BR
B453,2590019,BR
B454,2593594,BR
B455,2590020,BR
B457,2593595,BR
B458,2592093,BR
B459,2590022,BR
B460,2590023,BR
B461,2592094,BR
B464,2592095,BR
B465,2590025,BR
B467,2593597,BR
B468,2590027,BR
B469,2593598,BR
B472,2590029,BR
B473,2590030,BR
B475,2590031,BR
B477,2592098,BR
B478,2593600,BR
B479,2590032,BR
B480,2590033,BR
B481,2592099,BR
B482,2590034,BR
B484,2593601,BR
B485,2593602,BR
B486,2590035,BR
B489,2590037,BR
B491,2590038,BR
KD54001,2588121,ED
KFK32,2586126,BR
KGF20,2588122,ED
KGF21,2586193,ED
KGF22,2591153,ED
KGF23,2592862,ED
KGF24,2588123,ED
KGG38,2590110,ED
KGZ66,2592109,ED
KHF80,2586194,ED
KHS78,2590111,ED
KHU75,2586195,ED
KHU89,2586196,ED
KHU90,2592110,ED
KHX47,2592226,ED
KLC77,2592111,ED
KLC80,2592215,ED
KLC85,2586197,ED
KNSD904,2593254,BR
KNU43,2586198,ED
KNZ60,2586199,ED
KNZ65,2590113,ED
KNZ67,2586200,ED
KNZ68,2586344,ED
KNZ69,2588124,ED
KNZ70,2592112,ED
KNZ71,2590114,ED
KQT47,2588125,ED
KRS81,2586202,ED
KRS82,2590115,ED
KRS83,2586203,ED
KRS84,2586204,ED
KRS85,2590116,ED
KRS86,2592113,ED
KRW67,2586205,ED
KRZ68,2586206,ED
KSW92,2590117,ED
KSW93,2586207,ED
KTB84,2592114,ED
KTB85,2586315,ED
KTB97,2592115,ED
KTB98,2586208,ED
KTN66,2588126,ED
KTZ22,2586209,ED
KTZ30,2590118,ED
KVI65,2586278,ED
KVK21,2586210,ED
KVP26,2586211,ED
KVQ24,2590119,ED
KVS31,2589173,ED
KWE33,2592116,ED
KXY61,2591154,ED
KYP23,2590120,ED
KZB22,2589174,ED
KZB23,2586213,ED
KZB24,2586328,ED
KZB25,2586214,ED
KZB28,2592864,ED
KZB29,2588127,ED
KZB30,2586345,ED
KZC22,2591155,ED
KZE20,2589175,ED
KZH31,2590121,ED
KZH32,2591748,ED
KZH33,2588128,ED
KZM21,2586285,ED
KZW56,2588129,ED
WAC262,2592117,ED
WAC273,2586215,ED
WAH861,2591156,ED
WAH862,2586216,ED
WAH871,2586217,ED
WAJ20,2586316,ED
WAK57,2590122,ED
WAQ323,2592865,ED
WAQ324,2586346,ED
WAQ325,2586218,ED
WAU27,2592119,ED
WAU29,2590123,ED
WAU31,2586219,ED
WAY655,2588130,ED
WBB421,2586220,ED
WBE795,2592206,ED
WBE805,2592866,ED
WBG606,2591708,ED
WBN31,2586279,ED
WBS375,2586221,ED
WBS390,2586222,ED
WBS404,2588131,ED
WBS405,2593395,ED
WBX203,2588132,ED
WBX204,2593265,ED
WBX205,2591157,ED
WBX213,2588133,ED
WBX215,2590125,ED
WBX216,2592120,ED
WBX257,2586223,ED
WCG671,2592121,ED
WCX487,2586224,ED
WDD655,2591158,ED
WDD752,2586225,ED
WDG56,2590126,ED
WDT881,2590137,ED
WDU606,2586287,BR
WEF376,2588612,BR
WEF69,2586226,ED
WEH249,2593054,BR
WFD422,2589176,ED
WFD423,2588134,ED
WFD424,2592122,ED
WFD456,2593281,ED
WFD457,2590127,ED
WFW689,2588135,ED
WFY603,2591397,BR
WFY738,2586243,BR
WFY748,2586244,BR
WGI228,2586227,ED
WGI229,2586228,ED
WGM91,2590128,ED
WGM92,2590134,ED
WGM93,2586229,ED
WGM95,2591159,ED
WGR707,2589293,ED
WGR761,2588136,ED
WGR762,2588137,ED
WGR836,2591160,ED
WGR849,2592868,ED
WGV621,2592123,ED
WGV750,2589215,ED
WGV751,2588138,ED
WGV752,2592869,ED
WGW275,2593055,BR
WGW371,2591399,BR
WGW419,2588618,BR
WGW715,2590136,BR
WGW943,2588140,ED
WGW944,2591161,ED
WGW945,2588141,ED
WGW951,2589294,ED
WGZ628,2593266,ED
WHA72,2591162,ED
WHA816,2588142,ED
WHA933,2588143,ED
WHA955,2589295,ED
WHA956,2591163,ED
WHB211,2592124,ED
WHB652,2586230,ED
WHB821,2588144,ED
WHB828,2588145,ED
WHB842,2591164,ED
WHB845,2591689,ED
WHB846,2588146,ED
WHD364,2588622,BR
WHF220,2589296,ED
WHF223,2592872,ED
WHF225,2591750,ED
WHF226,2588147,ED
WHF233,2589177,ED
WHF243,2589178,ED
WHF247,2591165,ED
WHF270,2586149,ED
WHF276,2589297,ED
WHF334,2588042,ED
WHF350,2591690,ED
WHG228,2588150,ED
WHG230,2591167,ED
WHG238,2588151,ED
WHG268,2591168,ED
WHG269,2588152,ED
WHG332,2588153,ED
WHG338,2592875,ED
WHG340,2588154,ED
WHG341,2592876,ED
WHG344,2593313,ED
WHG345,2589298,ED
WHG348,2591169,ED
WHG355,2589299,ED
WHG356,2591751,ED
WHG370,2591859,ED
WHG371,2588155,ED
WHG396,2588156,ED
WHG411,2589179,ED
WHG412,2593267,ED
WHG442,2591170,ED
WHI959,2586337,BR
WHJ947,2588628,BR
WHK923,2593061,BR
WHK925,2591406,BR
WHK926,2588630,BR
WHK928,2588631,BR
WHK929,2589347,BR
WHK934,2591407,BR
WHK935,2588632,BR
WHK950,2589518,BR
WHK956,2593276,BR
WHK958,2591408,BR
WHK961,2588633,BR
WHK962,2588634,BR
WHM926,2588158,ED
WHM931,2591854,ED
WHM932,2589300,ED
WHM934,2591171,ED
WHM935,2593314,ED
WHM936,2591752,ED
WHM937,2591709,ED
WHM939,2589301,ED
WHN702,2592877,ED
WHN703,2589216,ED
WHN704,2589302,ED
WHN705,2588159,ED
WHN708,2591172,ED
WHN710,2591691,ED
WHN711,2588160,ED
WHN712,2591753,ED
WHN713,2588161,ED
WHN714,2589303,ED
WHQ258,2589521,ED
WHQ259,2589304,ED
WHQ281,2586430,ED
WHQ301,2589217,ED
WHQ304,2592878,ED
WHQ305,2591754,ED
WHQ373,2593315,ED
WHQ374,2588162,ED
WHQ380,2592879,ED
WHQ396,2591173,ED
WHQ397,2588163,ED
WHQ402,2589305,ED
WHQ403,2593303,ED
WHQ405,2588164,ED
WHQ422,2591174,ED
WHQ445,2588165,ED
WHQ446,2588166,ED
WHR453,2591175,ED
WHR454,2586189,ED
WHR456,2589306,ED
WHR457,2589307,ED
WHR458,2592880,ED
WHR460,2588167,ED
WHR461,2591755,ED
WHR462,2591176,ED
WHR463,2589308,ED
WHR466,2588169,ED
WHR467,2592881,ED
WHR470,2588170,ED
WHR471,2592882,ED
WHR472,2593317,ED
WHR473,2591177,ED
WHR474,2586431,ED
WHR476,2588171,ED
WHR477,2588172,ED
WHR479,2591178,ED
WHR480,2588173,ED
WHR481,2591756,ED
WHR485,2588174,ED
WHR486,2591179,ED
WHR487,2589309,ED
WHR488,2592883,ED
WHR489,2589180,ED
WHR490,2588175,ED
WHR491,2589181,ED
WHR492,2589310,ED
WHR493,2592884,ED
WHR494,2588176,ED
WHR497,2593268,ED
WHR498,2588177,ED
WHR500,2591180,ED
WHR502,2592885,ED
WHR504,2589213,ED
WHR505,2591757,ED
WHR506,2588178,ED
WHR508,2588179,ED
WHR509,2586329,ED
WHR511,2591857,ED
WHR512,2592220,ED
WHR513,2588180,ED
WHR514,2589311,ED
WHR515,2586433,ED
WHR518,2591182,ED
WHR519,2588181,ED
WHR520,2589312,ED
WHR521,2591758,ED
WHR522,2590274,ED
WHR523,2593318,ED
WHR526,2589182,ED
WHR527,2589183,ED
WHR528,2591692,ED
WHR529,2586330,ED
WHR531,2593269,ED
WHR532,2586370,ED
WHR533,2591693,ED
WHR535,2592221,ED
WHR536,2589184,ED
WHR537,2590222,ED
WHR543,2589185,ED
WHR551,2591694,ED
WHR559,2586331,ED
WHR576,2589186,ED
WHR580,2589187,ED
WHR584,2592830,ED
WHR586,2589273,ED
WHR588,2591695,ED
WHR590,2588092,ED
WHR591,2593270,ED
WHR596,2589188,ED
WHR598,2591738,ED
WHR601,2593271,ED
WHR610,2591183,ED
WHR611,2589274,ED
WHR612,2588182,ED
WHR613,2588183,ED
WHR614,2592887,ED
WHR617,2588184,ED
WHR619,2588185,ED
WHR621,2592888,ED
WHR622,2589189,ED
WHR624,2589522,ED
WHR626,2588186,ED
WHR630,2591185,ED
WHR632,2588187,ED
WHR636,2589275,ED
WHR644,2591186,ED
WHR648,2589190,ED
WHR649,2593304,ED
WHR650,2591187,ED
WHR651,2589313,ED
WHR656,2593396,ED
WHR657,2593282,ED
WHR658,2593319,ED
WHR659,2589314,ED
WHR660,2588190,ED
WHR661,2588191,ED
WHR662,2592890,ED
WHR663,2588192,ED
WHR664,2589315,ED
WHR666,2588193,ED
WHR669,2591188,ED
WHR670,2592891,ED
WHR671,2591108,ED
WHR672,2588194,ED
WHR673,2591189,ED
WHR678,2588196,ED
WHR681,2591696,ED
WHR682,2591190,ED
WHR683,2589218,ED
WHR684,2586108,ED
WHR685,2588197,ED
WHR686,2592892,ED
WHR688,2591191,ED
WHR689,2588198,ED
WHR691,2589191,ED
WHR694,2592227,ED
WHR695,2588199,ED
WHR696,2592236,ED
WHR697,2588200,ED
WHR698,2591192,ED
WHR699,2592893,ED
WHR700,2588201,ED
WHR701,2592894,ED
WHR707,2593272,ED
WHR708,2591697,ED
WHR709,2589192,ED
WHR710,2589193,ED
WHR711,2591698,ED
WHR712,2589194,ED
WHR714,2586332,ED
WHR716,2588035,ED
WHR717,2589195,ED
WHR718,2588202,ED
WHR724,2592895,ED
WHR726,2588204,ED
WHR727,2591194,ED
WHR729,2591699,ED
WHR730,2588205,ED
WHR731,2588206,ED
WHR732,2593273,ED
WHR733,2589196,ED
WHR736,2591195,ED
WHR737,2588207,ED
WHR746,2588208,ED
WHR748,2592897,ED
WHR749,2588210,ED
WHR750,2593274,ED
WHR751,2589276,ED
WHR752,2590223,ED
WHR753,2588093,ED
WHR754,2589197,ED
WHR755,2593283,ED
WHR756,2588211,ED
WHR757,2591197,ED
WHR758,2592898,ED
WHR760,2588212,ED
WHR761,2591198,ED
WHR765,2590242,ED
WHR767,2592228,ED
WHR769,2588214,ED
WHR770,2591199,ED
WHR771,2588215,ED
WHR772,2592899,ED
WHR773,2592900,ED
WHR774,2588216,ED
WHR777,2588217,ED
WHR779,2586371,ED
WHR780,2591200,ED
WHR783,2592237,ED
WHR784,2588219,ED
WHR790,2588220,ED
WHR791,2591202,ED
WHR795,2588221,ED
WHR797,2591203,ED
WHR798,2588223,ED
WHR800,2592861,ED
WHR801,2592903,ED
WHR802,2586347,ED
WHR803,2588224,ED
WHR804,2592833,ED
WHR805,2588225,ED
WHR806,2591759,ED
WHR807,2589219,ED
WHR808,2586348,ED
WHR810,2589198,ED
WHR814,2591204,ED
WHR815,2586333,ED
WHR816,2588226,ED
WHR817,2588227,ED
WHR818,2586120,ED
WHR819,2591205,ED
WHR820,2592904,ED
WHR821,2586436,ED
WHR822,2592211,ED
WHR823,2588228,ED
WHR825,2591206,ED
WHR826,2590230,ED
WHR827,2588229,ED
WHR828,2588230,ED
WHR829,2591207,ED
WHR830,2592905,ED
WHR831,2588231,ED
WHR832,2592906,ED
WHR833,2592261,ED
WHR834,2588232,ED
WHR835,2588233,ED
WHR838,2591208,ED
WHR839,2588234,ED
WHR841,2586280,ED
WHR842,2592907,ED
WHR845,2591209,ED
WHR847,2589220,ED
WHR850,2590276,ED
WHR853,2588236,ED
WHR854,2591210,ED
WHR858,2588238,ED
WHR864,2592908,ED
WHR865,2588239,ED
WHR866,2592909,ED
WHR872,2588240,ED
WHR873,2588241,ED
WHR877,2592910,ED
WHR878,2591151,ED
WHR879,2591213,ED
WHR881,2588243,ED
WHR882,2588244,ED
WHR883,2591214,ED
WHR884,2593320,ED
WHR885,2588245,ED
WHR886,2588246,ED
WHR889,2591215,ED
WHR890,2588119,ED
WHR894,2588247,ED
WHR895,2592912,ED
WHR896,2588248,ED
WHR897,2588249,ED
WHR899,2588250,ED
WHR901,2592913,ED
WHR903,2591217,ED
WHR904,2586349,ED
WHR905,2588251,ED
WHR912,2591218,ED
WHR913,2591700,ED
WHR914,2592914,ED
WHR915,2588254,ED
WHR916,2591219,ED
WHR917,2593275,ED
WHR918,2588255,ED
WHR919,2589199,ED
WHR920,2588256,ED
WHR921,2592915,ED
WHR922,2588257,ED
WHR925,2592916,ED
WHR926,2591711,ED
WHR927,2586350,ED
WHR928,2589316,ED
WHR929,2589523,ED
WHR930,2590231,ED
WHR931,2591220,ED
WHR932,2589221,ED
WHR934,2588259,ED
WHR939,2592229,ED
WHR940,2588261,ED
WHR941,2590211,ED
WHR942,2591222,ED
WHR943,2592917,ED
WHR944,2588262,ED
WHR950,2591223,ED
WHR953,2588263,ED
WHR954,2588264,ED
WHR956,2592918,ED
WHR961,2591760,ED
WHR962,2591224,ED
WHR963,2588266,ED
WHR964,2586334,ED
WHR965,2588267,ED
WHR966,2591225,ED
WHR967,2588268,ED
WHR968,2592920,ED
WHR969,2591226,ED
WHR970,2586351,ED
WHR971,2590232,ED
WHR972,2588269,ED
WHR974,2592921,ED
WHR977,2589317,ED
WHR978,2586281,ED
WHR981,2591227,ED
WHR982,2592922,ED
WHR983,2588273,ED
WHR985,2591228,ED
WHR986,2586372,ED
WHR987,2586373,ED
WHR988,2588274,ED
WHR991,2591229,ED
WHR992,2588276,ED
WHR993,2592923,ED
WHR995,2588277,ED
WHR996,2593284,ED
WHR997,2586352,ED
WHR998,2591712,ED
WHR999,2588278,ED
WHT588,2593333,BR
WHT639,2589352,BR
WHT659,2593067,BR
WHT661,2591779,BR
WHT662,2589355,BR
WHT669,2588646,BR
WHT699,2588655,BR
WHT700,2589203,BR
WHT711,2588656,BR
WHT712,2593338,BR
WHT714,2589364,BR
WHT722,2586338,BR
WHT724,2591149,BR
WHT766,2591424,BR
WHT772,2586259,BR
WHT784,2588667,BR
WHT799,2588669,BR
WIG34,2588279,ED
WJM88,2588672,BR
WLK217,2593079,BR
WLK242,2589374,BR
WLK267,2588679,BR
WLK276,2588680,BR
WLK292,2593082,BR
WLK319,2589519,BR
WLK323,2591791,BR
WLK327,2586265,BR
WLK328,2588685,BR
WLK330,2589206,BR
WLK351,2589377,BR
WLK365,2591704,BR
WLK366,2589378,BR
WLK367,2593344,BR
WLK382,2591435,BR
WLK383,2588687,BR
WLK384,2588688,BR
WLK386,2591436,BR
WLK403,2593084,BR
WLK408,2592141,BR
WLK409,2586291,BR
WLR468,2588690,BR
WLW697,2591792,BR
WLW724,2588693,BR
WLW727,2591439,BR
WLW728,2588695,BR
WLW731,2593087,BR
WLW732,2588697,BR
WLW733,2593088,BR
WLW738,2591793,BR
WLW748,2589383,BR
WLW751,2588702,BR
WLW752,2591443,BR
WLW755,2588703,BR
WLW826,2589388,BR
WLW827,2588711,BR
WLW829,2589389,BR
WLW830,2593094,BR
WLW834,2588712,BR
WLW837,2591448,BR
WLW860,2591798,BR
WLW874,2588718,BR
WLW888,2591451,BR
WLW898,2588719,BR
WLW964,2591452,BR
WLW968,2591802,BR
WLW970,2591453,BR
WLW989,2588729,BR
WLW990,2588730,BR
WLW997,2593101,BR
WLW998,2588731,BR
WLW999,2591457,BR
WLX200,2592924,ED
WLX201,2586353,ED
WLX202,2588280,ED
WLX203,2592925,ED
WLX205,2588281,ED
WLX206,2589222,ED
WLX207,2590233,ED
WLX209,2591232,ED
WLX210,2588283,ED
WLX211,2588284,ED
WLX212,2591233,ED
WLX213,2592926,ED
WLX214,2588285,ED
WLX215,2591234,ED
WLX216,2589223,ED
WLX217,2591713,ED
WLX218,2589224,ED
WLX219,2589225,ED
WLX220,2588286,ED
WLX221,2588287,ED
WLX222,2589318,ED
WLX223,2592927,ED
WLX224,2588288,ED
WLX225,2592928,ED
WLX226,2586232,ED
WLX227,2586233,ED
WLX231,2591714,ED
WLX232,2593285,ED
WLX234,2588289,ED
WLX235,2588290,ED
WLX236,2591236,ED
WLX237,2588291,ED
WLX238,2592929,ED
WLX240,2588292,ED
WLX241,2588293,ED
WLX242,2590281,ED
WLX244,2591761,ED
WLX245,2591238,ED
WLX247,2592108,ED
WLX248,2588294,ED
WLX249,2586354,ED
WLX250,2588295,ED
WLX251,2592930,ED
WLX253,2586450,ED
WLX254,2586282,ED
WLX255,2592931,ED
WLX256,2588296,ED
WLX257,2589319,ED
WLX260,2592266,ED
WLX261,2586451,ED
WLX262,2590283,ED
WLX263,2588297,ED
WLX265,2588298,ED
WLX267,2591240,ED
WLX268,2592267,ED
WLX270,2588299,ED
WLX271,2592230,ED
WLX272,2592932,ED
WLX273,2591241,ED
WLX275,2588301,ED
WLX276,2591242,ED
WLX277,2588302,ED
WLX278,2588303,ED
WLX279,2592933,ED
WLX281,2592231,ED
WLX282,2588304,ED
WLX285,2588306,ED
WLX288,2591244,ED
WLX289,2592935,ED
WLX290,2592268,ED
WLX291,2588307,ED
WLX292,2591245,ED
WLX293,2588308,ED
WLX294,2588309,ED
WLX295,2593321,ED
WLX296,2591246,ED
WLX297,2592936,ED
WLX299,2588310,ED
WLX300,2591247,ED
WLX303,2588311,ED
WLX304,2588312,ED
WLX305,2592937,ED
WLX306,2588313,ED
WLX307,2592938,ED
WLX308,2591248,ED
WLX309,2588314,ED
WLX310,2586456,ED
WLX311,2588315,ED
WLX312,2591249,ED
WLX313,2588316,ED
WLX314,2588317,ED
WLX315,2591762,ED
WLX316,2591250,ED
WLX317,2592939,ED
WLX318,2588318,ED
WLX319,2591251,ED
WLX321,2589320,ED
WLX322,2589321,ED
WLX323,2593322,ED
WLX327,2588320,ED
WLX328,2586317,ED
WLX329,2592940,ED
WLX330,2588321,ED
WLX331,2592941,ED
WLX332,2591252,ED
WLX334,2588322,ED
WLX335,2588323,ED
WLX336,2591253,ED
WLX337,2589322,ED
WLX338,2589226,ED
WLX339,2588324,ED
WLX340,2592269,ED
WLX344,2588325,ED
WLX345,2591254,ED
WLX346,2589227,ED
WLX350,2589323,ED
WLX351,2592942,ED
WLX352,2588326,ED
WLX353,2592943,ED
WLX354,2593287,ED
WLX356,2591716,ED
WLX357,2586355,ED
WLX358,2588328,ED
WLX359,2589230,ED
WLX360,2591255,ED
WLX361,2588329,ED
WLX362,2592944,ED
WLX364,2591256,ED
WLX365,2588330,ED
WLX367,2588331,ED
WLX368,2591257,ED
WLX369,2588332,ED
WLX370,2588333,ED
WLX371,2591717,ED
WLX372,2591258,ED
WLX374,2590287,ED
WLX375,2592945,ED
WLX376,2588334,ED
WLX377,2591763,ED
WLX378,2593323,ED
WLX379,2589324,ED
WLX380,2591764,ED
WLX381,2592946,ED
WLX382,2589233,ED
WLX384,2588335,ED
WLX385,2588336,ED
WLX386,2590224,ED
WLX387,2591259,ED
WLX388,2592947,ED
WLX389,2588337,ED
WLX390,2591260,ED
WLX391,2588338,ED
WLX392,2588339,ED
WLX394,2588340,ED
WLX395,2592948,ED
WLX397,2591701,ED
WLX398,2588341,ED
WLX399,2588342,ED
WLX400,2592949,ED
WLX401,2588343,ED
WLX402,2589325,ED
WLX403,2591718,ED
WLX404,2589326,ED
WLX408,2591263,ED
WLX409,2592950,ED
WLX410,2588345,ED
WLX411,2591264,ED
WLX412,2588346,ED
WLX413,2588347,ED
WLX414,2591265,ED
WLX415,2588348,ED
WLX416,2592951,ED
WLX417,2591266,ED
WLX418,2588349,ED
WLX419,2588350,ED
WLX420,2591765,ED
WLX421,2592952,ED
WLX422,2588351,ED
WLX423,2588352,ED
WLX424,2591267,ED
WLX426,2588353,ED
WLX428,2588354,ED
WLX431,2593288,ED
WLX432,2592222,ED
WLX433,2589234,ED
WLX434,2588356,ED
WLX435,2592954,ED
WLX436,2591270,ED
WLX437,2588357,ED
WLX438,2588358,ED
WLX443,2586461,ED
WLX444,2588360,ED
WLX445,2591271,ED
WLX446,2588361,ED
WLX447,2588362,ED
WLX448,2591272,ED
WLX449,2592957,ED
WLX450,2593289,ED
WLX451,2588363,ED
WLX452,2591273,ED
WLX453,2588364,ED
WLX454,2588365,ED
WLX456,2588366,ED
WLX457,2592958,ED
WLX458,2592959,ED
WLX460,2588367,ED
WLX461,2588368,ED
WLX463,2591275,ED
WLX464,2588369,ED
WLX465,2588370,ED
WLX466,2591276,ED
WLX467,2592960,ED
WLX468,2588371,ED
WLX469,2591277,ED
WLX470,2588372,ED
WLX471,2588373,ED
WLX473,2591278,ED
WLX474,2589327,ED
WLX475,2586283,ED
WLX476,2586335,ED
WLX477,2593324,ED
WLX478,2588374,ED
WLX479,2591766,ED
WLX481,2592961,ED
WLX482,2592962,ED
WLX483,2589328,ED
WLX484,2589329,ED
WLX485,2593325,ED
WLX486,2588375,ED
WLX487,2588376,ED
WLX488,2589330,ED
WLX489,2591279,ED
WLX490,2588377,ED
WLX491,2588378,ED
WLX492,2591280,ED
WLX493,2589331,ED
WLX494,2591767,ED
WLX496,2593326,ED
WLX497,2589332,ED
WLX498,2591768,ED
WLX499,2589333,ED
WLX500,2589334,ED
WLX501,2591769,ED
WLX502,2589335,ED
WLX503,2589235,ED
WLX504,2586463,ED
WLX505,2586464,ED
WLX507,2591112,ED
WLX508,2588379,ED
WLX509,2591281,ED
WLX510,2588380,ED
WLX512,2588381,ED
WLX513,2592964,ED
WLX514,2588382,ED
WLX515,2592965,ED
WLX516,2591282,ED
WLX517,2589236,ED
WLX518,2589237,ED
WLX519,2591719,ED
WLX520,2588043,ED
WLX521,2588383,ED
WLX522,2588384,ED
WLX523,2589238,ED
WLX524,2593290,ED
WLX525,2591283,ED
WLX526,2588385,ED
WLX527,2591720,ED
WLX528,2589239,ED
WLX529,2593327,ED
WLX531,2588386,ED
WLX532,2589240,ED
WLX533,2586465,ED
WLX534,2591284,ED
WLX536,2592966,ED
WLX537,2588387,ED
WLX538,2591285,ED
WLX539,2588388,ED
WLX540,2591721,ED
WLX541,2589241,ED
WLX543,2588389,ED
WLX544,2590290,ED
WLX545,2592967,ED
WLX546,2675094,ED
WLX547,2586123,ED
WLX548,2592968,ED
WLX550,2588390,ED
WLX551,2591286,ED
WLX552,2588391,ED
WLX553,2586467,ED
WLX554,2588044,ED
WLX555,2589242,ED
WLX557,2701256,ED
WLX558,2591722,ED
WLX559,2593291,ED
WLX561,2586468,ED
WLX562,2588392,ED
WLX563,2589243,ED
WLX564,2593292,ED
WLX565,2591287,ED
WLX566,2588393,ED
WLX567,2589244,ED
WLX568,2592969,ED
WLX569,2591288,ED
WLX571,2589245,ED
WLX572,2588394,ED
WLX573,2588395,ED
WLX574,2586469,ED
WLX575,2588036,ED
WLX576,2591289,ED
WLX578,2588396,ED
WLX580,2588397,ED
WLX581,2592970,ED
WLX582,2592274,ED
WLX583,2592971,ED
WLX584,2591113,ED
WLX585,2588398,ED
WLX586,2591290,ED
WLX587,2588399,ED
WLX588,2588045,ED
WLX589,2588400,ED
WLX590,2591723,ED
WLX591,2591291,ED
WLX592,2588401,ED
WLX593,2592834,ED
WLX594,2592972,ED
WLX595,2591292,ED
WLX597,2586471,ED
WLX600,2586318,ED
WLX602,2588402,ED
WLX603,2590216,ED
WLX604,2593293,ED
WLX605,2588046,ED
WLX606,2588403,ED
WLX607,2591293,ED
WLX608,2590293,ED
WLX609,2586473,ED
WLX610,2588404,ED
WLX612,2592216,ED
WLX613,2592973,ED
WLX615,2586474,ED
WLX616,2589246,ED
WLX617,2588047,ED
WLX618,2590294,ED
WLX619,2588406,ED
WLX620,2591294,ED
WLX621,2592275,ED
WLX622,2588407,ED
WLX623,2591114,ED
WLX624,2588408,ED
WLX625,2592835,ED
WLX626,2591295,ED
WLX630,2591742,ED
WLX631,2586476,ED
WLX634,2592277,ED
WLX640,2586481,ED
WLX641,2591724,ED
WLX642,2592975,ED
WLX643,2591296,ED
WLX644,2588410,ED
WLX645,2592278,ED
WLX646,2590225,ED
WLX647,2592279,ED
WLX648,2586482,ED
WLX649,2588411,ED
WLX651,2589214,ED
WLX652,2589247,ED
WLX653,2589248,ED
WLX654,2591297,ED
WLX655,2590229,ED
WLX656,2586483,ED
WLX658,2588413,ED
WLX659,2592977,ED
WLX661,2588414,ED
WLX662,2588415,ED
WLX663,2591298,ED
WLX664,2592978,ED
WLX666,2586485,ED
WLX667,2589282,ED
WLX668,2591725,ED
WLX669,2588416,ED
WLX670,2591299,ED
WLX671,2593398,ED
WLX672,2589249,ED
WLX673,2588417,ED
WLX676,2592212,ED
WLX677,2593294,ED
WLX678,2588418,ED
WLX679,2592280,ED
WLX680,2586486,ED
WLX681,2590228,ED
WLX682,2592138,ED
WLX683,2590300,ED
WLX684,2586487,ED
WLX685,2591300,ED
WLX686,2588419,ED
WLX687,2592979,ED
WLX688,2591726,ED
WLX689,2591301,ED
WLX690,2586307,ED
WLX691,2586319,ED
WLX692,2588420,ED
WLX693,2588421,ED
WLX694,2589200,ED
WLX695,2586488,ED
WLX698,2586489,ED
WLX699,2589283,ED
WLX700,2591302,ED
WLX701,2588422,ED
WLX702,2588048,ED
WLX703,2589250,ED
WLX704,2589251,ED
WLX705,2592281,ED
WLX706,2592282,ED
WLX708,2586491,ED
WLX709,2593295,ED
WLX710,2589252,ED
WLX713,2592980,ED
WLX714,2591115,ED
WLX717,2588424,ED
WLX718,2591303,ED
WLX720,2590217,ED
WLX722,2586493,ED
WLX724,2588425,ED
WLX725,2588426,ED
WLX726,2589253,ED
WLX728,2590303,ED
WLX729,2592283,ED
WLX730,2586494,ED
WLX731,2591304,ED
WLX732,2591727,ED
WLX734,2592982,ED
WLX735,2593296,ED
WLX736,2591305,ED
WLX737,2588428,ED
WLX738,2588429,ED
WLX739,2589254,ED
WLX740,2591306,ED
WLX741,2588430,ED
WLX742,2588431,ED
WLX743,2591728,ED
WLX744,2592983,ED
WLX745,2592225,ED
WLX746,2592984,ED
WLX747,2589255,ED
WLX748,2588432,ED
WLX749,2589256,ED
WLX750,2591307,ED
WLX751,2588433,ED
WLX752,2588434,ED
WLX753,2591308,ED
WLX754,2590304,ED
WLX755,2591729,ED
WLX756,2589257,ED
WLX758,2589281,ED
WLX759,2591739,ED
WLX760,2586496,ED
WLX761,2591770,ED
WLX762,2590305,ED
WLX764,2586497,ED
WLX765,2593297,ED
WLX766,2591730,ED
WLX767,2589258,ED
WLX768,2589259,ED
WLX769,2592284,ED
WLX770,2592285,ED
WLX772,2593298,ED
WLX773,2588435,ED
WLX775,2586500,ED
WLX776,2589260,ED
WLX777,2586320,ED
WLX779,2586321,ED
WLX780,2590306,ED
WLX783,2591731,ED
WLX784,2593299,ED
WLX785,2589262,ED
WLX786,2586501,ED
WLX787,2589201,ED
WLX788,2590218,ED
WLX789,2589524,ED
WLX790,2591309,ED
WLX792,2588436,ED
WLX793,2586502,ED
WLX794,2591732,ED
WLX795,2588437,ED
WLX796,2586503,ED
WLX797,2590308,ED
WLX798,2592287,ED
WLX799,2586504,ED
WLX800,2590309,ED
WLX801,2586505,ED
WLX802,2588049,ED
WLX803,2586506,ED
WLX804,2592986,ED
WLX805,2586356,ED
WLX806,2588438,ED
WLX807,2592288,ED
WLX808,2586507,ED
WLX812,2588439,ED
WLX813,2586508,ED
WLX814,2591310,ED
WLX815,2589263,ED
WLX816,2592987,ED
WLX817,2586308,ED
WLX818,2586509,ED
WLX819,2590311,ED
WLX820,2586510,ED
WLX821,2586511,ED
WLX822,2590312,ED
WLX823,2588440,ED
WLX824,2592290,ED
WLX825,2586512,ED
WLX827,2586513,ED
WLX828,2586514,ED
WLX829,2592291,ED
WLX830,2586515,ED
WLX831,2591311,ED
WLX832,2592292,ED
WLX833,2590314,ED
WLX834,2588441,ED
WLX835,2593307,ED
WLX836,2586516,ED
WLX837,2588442,ED
WLX838,2586517,ED
WLX839,2590315,ED
WLX840,2591116,ED
WLX841,2589284,ED
WLX842,2586518,ED
WLX843,2586519,ED
WLX844,2590316,ED
WLX845,2593308,ED
WLX846,2591312,ED
WLX848,2592293,ED
WLX849,2591743,ED
WLX850,2586520,ED
WLX851,2590317,ED
WLX852,2586521,ED
WLX853,2589285,ED
WLX854,2589286,ED
WLX855,2586522,ED
WLX856,2592294,ED
WLX860,2586524,ED
WLX861,2592988,ED
WLX862,2586525,ED
WLX863,2590319,ED
WLX864,2586526,ED
WLX865,2586527,ED
WLX866,2588443,ED
WLX867,2590320,ED
WLX868,2592296,ED
WLX869,2586528,ED
WLX870,2590321,ED
WLX871,2586529,ED
WLX872,2586530,ED
WLX873,2591313,ED
WLX874,2592297,ED
WLX875,2592298,ED
WLX876,2588051,ED
WLX877,2592836,ED
WLX878,2586531,ED
WLX879,2590322,ED
WLX880,2586532,ED
WLX881,2586533,ED
WLX882,2590323,ED
WLX883,2586534,ED
WLX884,2592299,ED
WLX885,2590324,ED
WLX886,2588444,ED
WLX887,2588445,ED
WLX888,2586535,ED
WLX890,2586536,ED
WLX891,2592300,ED
WLX892,2592989,ED
WLX893,2588446,ED
WLX894,2586537,ED
WLX897,2592301,ED
WLX900,2586540,ED
WLX903,2592990,ED
WLX904,2586542,ED
WLX905,2592302,ED
WLX906,2590328,ED
WLX907,2591314,ED
WLX908,2586543,ED
WLX914,2592304,ED
WLX915,2586547,ED
WLX916,2588447,ED
WLX917,2590330,ED
WLX918,2586548,ED
WLX919,2586549,ED
WLX920,2590331,ED
WLX922,2588448,ED
WLX923,2591315,ED
WLX924,2588449,ED
WLX925,2592305,ED
WLX926,2589336,ED
WLX927,2590332,ED
WLX928,2588450,ED
WLX929,2591117,ED
WLX930,2591316,ED
WLX931,2592991,ED
WLX932,2586551,ED
WLX933,2586552,ED
WLX935,2588451,ED
WLX936,2592306,ED
WLX938,2586554,ED
WLX939,2590333,ED
WLX940,2586555,ED
WLX941,2591317,ED
WLX942,2586556,ED
WLX943,2588452,ED
WLX945,2592308,ED
WLX946,2586557,ED
WLX948,2588453,ED
WLX949,2592992,ED
WLX950,2586558,ED
WLX951,2586559,ED
WLX954,2592309,ED
WLX955,2588454,ED
WLX956,2592310,ED
WLX958,2586561,ED
WLX961,2586563,ED
WLX962,2586564,ED
WLX964,2590338,ED
WLX965,2592311,ED
WLX966,2586565,ED
WLX967,2590339,ED
WLX972,2586568,ED
WLX974,2592313,ED
WLX975,2586569,ED
WLX977,2590341,ED
WLX978,2592852,ED
WLX979,2586571,ED
WLX980,2586572,ED
WLX981,2591318,ED
WLX983,2593328,ED
WLX985,2589264,ED
WLX986,2588455,ED
WLX987,2592314,ED
WLX988,2586573,ED
WLX989,2588456,ED
WLX990,2591319,ED
WLX992,2586574,ED
WLX993,2588457,ED
WLX994,2588052,ED
WLX996,2590344,ED
WLX997,2586576,ED
WLX998,2588458,ED
WLX999,2592315,ED
WMH228,2589402,BR
WMH352,2588734,BR
WMH376,2593103,BR
WMH424,2593104,BR
WMH513,2593105,BR
WMH528,2589411,BR
WMH540,2588742,BR
WMH597,2593106,BR
WMH600,2588745,BR
WMH604,2593107,BR
WMH621,2591465,BR
WMH640,2591810,BR
WMH661,2588750,BR
WMH664,2591467,BR
WMH668,2588751,BR
WMH721,2586190,BR
WMH724,2588754,BR
WMH728,2591469,BR
WMH752,2588756,BR
WMH800,2591471,BR
WMH816,2593112,BR
WMI284,2591473,BR
WMI289,2591812,BR
WMI298,2591474,BR
WMI303,2589525,BR
WMI320,2591475,BR
WMI332,2593115,BR
WMI336,2588769,BR
WMI340,2593116,BR
WMI345,2589422,BR
WMI354,2591477,BR
WMI363,2589424,BR
WMI366,2593362,BR
WMI367,2593363,BR
WMI374,2588773,BR
WMI391,2589426,BR
WMI413,2591482,BR
WMI821,2588785,BR
WMI824,2588786,BR
WMI827,2591816,BR
WMI864,2591818,BR
WMI866,2588791,BR
WMI870,2589432,BR
WMI881,2588794,BR
WMI893,2588796,BR
WMI895,2588797,BR
WMI896,2591819,BR
WMI916,2593127,BR
WMI946,2589435,BR
WMI947,2588800,BR
WML478,2593129,BR
WMX206,2591494,BR
WMX207,2588806,BR
WMX215,2591821,BR
WMX216,2588807,BR
WMX233,2590533,BR
WMX327,2591497,BR
WMX331,2588812,BR
WMX344,2593368,BR
WMX347,2593369,BR
WMX358,2589444,BR
WMX359,2588816,BR
WMX366,2593134,BR
WMX370,2588817,BR
WMX529,2593370,BR
WMX622,2588580,ED
WMX623,2588581,ED
WMX624,2592217,ED
WMX625,2592218,ED
WMX626,2591381,ED
WMX627,2593041,ED
WMX628,2588582,ED
WMX629,2593042,ED
WMX631,2591773,ED
WMX634,2593043,ED
WMX636,2591383,ED
WMX637,2588586,ED
WMX638,2586928,ED
WMX639,2588587,ED
WMX640,2590519,ED
WMX641,2591384,ED
WMX644,2593044,ED
WMX645,2589342,ED
WMX646,2591385,ED
WMX647,2588589,ED
WMX648,2588590,ED
WMX649,2593045,ED
WMX650,2586930,ED
WMX652,2590162,ED
WMX653,2593403,ED
WMX656,2586323,ED
WMX659,2593046,ED
WMX660,2586124,ED
WMX661,2588593,ED
WMX662,2591387,ED
WMX665,2591134,ED
WMX666,2588087,ED
WMX667,2588594,ED
WMX668,2588595,ED
WMX671,2586931,ED
WMX672,2591388,ED
WMX673,2588596,ED
WMX674,2593047,ED
WMX675,2590520,ED
WMX676,2586932,ED
WMX678,2586125,ED
WMX680,2586110,ED
WMX683,2588598,ED
WMX684,2591389,ED
WMX685,2588599,ED
WMX689,2590522,ED
WMX690,2586935,ED
WMX691,2588600,ED
WMX692,2591390,ED
WMX693,2593049,ED
WMX707,2588601,ED
WMX708,2591391,ED
WMX712,2593643,ED
WMX713,2588602,ED
WMX714,2588603,ED
WMX715,2591392,ED
WMX716,2586940,ED
WMX717,2588604,ED
WMX908,2593136,BR
WMX910,2588822,BR
WMX934,2588825,BR
WMX935,2593138,BR
WMX938,2588826,BR
WMX942,2590536,BR
WMX943,2586964,BR
WMX944,2586965,BR
WMX945,2590537,BR
WMX946,2592468,BR
WMY277,2593050,ED
WMY278,2593051,ED
WMY279,2588605,ED
WMY398,2588834,BR
WMY420,2586978,BR
WMY448,2588839,BR
WMY449,2591511,BR
WMY460,2586981,BR
WMY462,2586982,BR
WMY463,2588840,BR
WMY489,2589450,BR
WNC200,2591320,ED
WNC201,2590345,ED
WNC202,2586577,ED
WNC203,2586578,ED
WNC204,2592316,ED
WNC205,2586579,ED
WNC206,2586580,ED
WNC207,2590346,ED
WNC208,2592994,ED
WNC211,2590347,ED
WNC213,2588459,ED
WNC215,2590348,ED
WNC216,2592318,ED
WNC218,2590349,ED
WNC220,2586586,ED
WNC221,2592319,ED
WNC222,2591321,ED
WNC223,2586587,ED
WNC226,2586588,ED
WNC227,2586589,ED
WNC228,2590351,ED
WNC229,2586590,ED
WNC231,2589517,ED
WNC232,2590352,ED
WNC233,2592321,ED
WNC235,2592322,ED
WNC236,2588460,ED
WNC237,2586593,ED
WNC238,2843302,ED
WNC239,2586594,ED
WNC240,2590353,ED
WNC241,2586595,ED
WNC242,2592323,ED
WNC243,2590354,ED
WNC244,2586596,ED
WNC245,2586597,ED
WNC246,2590355,ED
WNC247,2588053,ED
WNC248,2592837,ED
WNC249,2588054,ED
WNC250,2586598,ED
WNC251,2586599,ED
WNC254,2586600,ED
WNC255,2592325,ED
WNC256,2586601,ED
WNC257,2586602,ED
WNC258,2588055,ED
WNC260,2588461,ED
WNC261,2586603,ED
WNC262,2592326,ED
WNC266,2586604,ED
WNC267,2592995,ED
WNC268,2586605,ED
WNC275,2586608,ED
WNC276,2586609,ED
WNC277,2592328,ED
WNC278,2592329,ED
WNC280,2586610,ED
WNC283,2586612,ED
WNC285,2586613,ED
WNC286,2592330,ED
WNC287,2591322,ED
WNC288,2590363,ED
WNC289,2586614,ED
WNC290,2586615,ED
WNC291,2590364,ED
WNC292,2586616,ED
WNC293,2588463,ED
WNC294,2586617,ED
WNC297,2592332,ED
WNC298,2586618,ED
WNC299,2590365,ED
WNC300,2586619,ED
WNC301,2586620,ED
WNC303,2590366,ED
WNC304,2586621,ED
WNC305,2592333,ED
WNC307,2590367,ED
WNC308,2586622,ED
WNC309,2586623,ED
WNC310,2588465,ED
WNC314,2586625,ED
WNC315,2592334,ED
WNC316,2592335,ED
WNC317,2592997,ED
WNC318,2588466,ED
WNC321,2590369,ED
WNC322,2591118,ED
WNC323,2586627,ED
WNC324,2591324,ED
WNC325,2586628,ED
WNC326,2590370,ED
WNC329,2590371,ED
WNC330,2872378,ED
WNC331,2872386,ED
WNC332,2590372,ED
WNC333,2586632,ED
WNC334,2586633,ED
WNC335,2588467,ED
WNC337,2592338,ED
WNC338,2586634,ED
WNC339,2590373,ED
WNC340,2586635,ED
WNC341,2586636,ED
WNC342,2590374,ED
WNC343,2592339,ED
WNC344,2586637,ED
WNC345,2586336,ED
WNC346,2590375,ED
WNC348,2586639,ED
WNC349,2590376,ED
WNC350,2589338,ED
WNC351,2586640,ED
WNC352,2592340,ED
WNC353,2590180,ED
WNC354,2588468,ED
WNC356,2586641,ED
WNC357,2586642,ED
WNC358,2590377,ED
WNC359,2591325,ED
WNC360,2586643,ED
WNC362,2588469,ED
WNC363,2592999,ED
WNC364,2592838,ED
WNC365,2586644,ED
WNC366,2588470,ED
WNC367,2590378,ED
WNC368,2592342,ED
WNC369,2586645,ED
WNC370,2590379,ED
WNC372,2586647,ED
WNC373,2592343,ED
WNC374,2586648,ED
WNC375,2592344,ED
WNC376,2590380,ED
WNC377,2586649,ED
WNC378,2586650,ED
WNC379,2588471,ED
WNC380,2588056,ED
WNC381,2586322,ED
WNC383,2591326,ED
WNC384,2586651,ED
WNC385,2586652,ED
WNC386,2590382,ED
WNC387,2592345,ED
WNC388,2588472,ED
WNC389,2593000,ED
WNC390,2586653,ED
WNC392,2586654,ED
WNC393,2586655,ED
WNC397,2591327,ED
WNC398,2590384,ED
WNC399,2588473,ED
WNC400,2586657,ED
WNC401,2586658,ED
WNC402,2586659,ED
WNC403,2590385,ED
WNC404,2592348,ED
WNC405,2586660,ED
WNC406,2590386,ED
WNC407,2586661,ED
WNC409,2588474,ED
WNC410,2591119,ED
WNC411,2588057,ED
WNC412,2586662,ED
WNC414,2592349,ED
WNC415,2586663,ED
WNC416,2592350,ED
WNC417,2586664,ED
WNC418,2586665,ED
WNC421,2591328,ED
WNC422,2586666,ED
WNC424,2592351,ED
WNC425,2590389,ED
WNC426,2586667,ED
WNC428,2590390,ED
WNC430,2588058,ED
WNC434,2592352,ED
WNC435,2591120,ED
WNC436,2586671,ED
WNC437,2592353,ED
WNC438,2586672,ED
WNC439,2586673,ED
WNC441,2588476,ED
WNC442,2590392,ED
WNC445,2590393,ED
WNC446,2586675,ED
WNC447,2586676,ED
WNC448,2591329,ED
WNC449,2593001,ED
WNC450,2588477,ED
WNC451,2590394,ED
WNC452,2586677,ED
WNC453,2593002,ED
WNC454,2588478,ED
WNC455,2586678,ED
WNC456,2588479,ED
WNC457,2591330,ED
WNC458,2590395,ED
WNC459,2588480,ED
WNC461,2586679,ED
WNC462,2592356,ED
WNC463,2586680,ED
WNC465,2586681,ED
WNC466,2590396,ED
WNC468,2593003,ED
WNC470,2589339,ED
WNC471,2591331,ED
WNC472,2592839,ED
WNC474,2586683,ED
WNC476,2590398,ED
WNC477,2591121,ED
WNC478,2586685,ED
WNC479,2588481,ED
WNC480,2586686,ED
WNC483,2592358,ED
WNC484,2588482,ED
WNC486,2586687,ED
WNC487,2591332,ED
WNC489,2586688,ED
WNC491,2592359,ED
WNC492,2592360,ED
WNC494,2586690,ED
WNC495,2590401,ED
WNC499,2586693,ED
WNC500,2592361,ED
WNC501,2590403,ED
WNC502,2586694,ED
WNC503,2586695,ED
WNC504,2588483,ED
WNC505,2588484,ED
WNC508,2586696,ED
WNC509,2591733,ED
WNC510,2586697,ED
WNC511,2591771,ED
WNC513,2592363,ED
WNC514,2586698,ED
WNC515,2590405,ED
WNC516,2591333,ED
WNC517,2586699,ED
WNC518,2593004,ED
WNC519,2588485,ED
WNC521,2591855,ED
WNC523,2590406,ED
WNC524,2592840,ED
WNC525,2586701,ED
WNC526,2593005,ED
WNC527,2588486,ED
WNC528,2592364,ED
WNC529,2590407,ED
WNC530,2586702,ED
WNC531,2586703,ED
WNC533,2586704,ED
WNC534,2586705,ED
WNC535,2588487,ED
WNC538,2586706,ED
WNC539,2590409,ED
WNC540,2591334,ED
WNC542,2586708,ED
WNC544,2588062,ED
WNC546,2586709,ED
WNC547,2592367,ED
WNC548,2590411,ED
WNC549,2588063,ED
WNC552,2586712,ED
WNC557,2593006,ED
WNC558,2591335,ED
WNC560,2589265,ED
WNC561,2593300,ED
WNC562,2590412,ED
WNC563,2586714,ED
WNC564,2586715,ED
WNC565,2590413,ED
WNC566,2592370,ED
WNC569,2590414,ED
WNC572,2590415,ED
WNC574,2588489,ED
WNC575,2586719,ED
WNC581,2588543,ED
WNC582,2586188,ED
WNC583,2592371,ED
WNC584,2592372,ED
WNC585,2586720,ED
WNC586,2832685,ED
WNC587,2593007,ED
WNC588,2586721,ED
WNC590,2586722,ED
WNC591,2586723,ED
WNC592,2590417,ED
WNC594,2586724,ED
WNC595,2590418,ED
WNC596,2593008,ED
WNC597,2586725,ED
WNC598,2593329,ED
WNC601,2588493,ED
WNC602,2586727,ED
WNC607,2586729,ED
WNC608,2590420,ED
WNC609,2586730,ED
WNC610,2586731,ED
WNC612,2591337,ED
WNC613,2588494,ED
WNC614,2592376,ED
WNC615,2586732,ED
WNC616,2588495,ED
WNC617,2591338,ED
WNC618,2593009,ED
WNC619,2590422,ED
WNC620,2588496,ED
WNC621,2591339,ED
WNC622,2588497,ED
WNC623,2588498,ED
WNC624,2586733,ED
WNC627,2864582,ED
WNC628,2864586,ED
WNC629,2592377,ED
WNC630,2592378,ED
WNC631,2586736,ED
WNC632,2586737,ED
WNC633,2589340,ED
WNC636,2586738,ED
WNC637,2593010,ED
WNC638,2593011,ED
WNC639,2588500,ED
WNC641,2590425,ED
WNC644,2586740,ED
WNC645,2591341,ED
WNC647,2590426,ED
WNC648,2586741,ED
WNC649,2586742,ED
WNC650,2588502,ED
WNC651,2588503,ED
WNC652,2591342,ED
WNC653,2590427,ED
WNC654,2592380,ED
WNC655,2586743,ED
WNC658,2586745,ED
WNC660,2593012,ED
WNC661,2590428,ED
WNC662,2586746,ED
WNC664,2590429,ED
WNC665,2586747,ED
WNC669,2586750,ED
WNC675,2586753,ED
WNC676,2588504,ED
WNC678,2591343,ED
WNC679,2586754,ED
WNC681,2588505,ED
WNC682,2590433,ED
WNC684,2586756,ED
WNC685,2588506,ED
WNC686,2591344,ED
WNC687,2590434,ED
WNC689,2586757,ED
WNC692,2588507,ED
WNC693,2593013,ED
WNC694,2593014,ED
WNC695,2586187,ED
WNC696,2588508,ED
WNC697,2592386,ED
WNC698,2588509,ED
WNC699,2592387,ED
WNC700,2586759,ED
WNC701,2590435,ED
WNC702,2586760,ED
WNC703,2591345,ED
WNC705,2586761,ED
WNC706,2588510,ED
WNC707,2590436,ED
WNC708,2592841,ED
WNC709,2586762,ED
WNC711,2590437,ED
WNC712,2588511,ED
WNC713,2586763,ED
WNC715,2586765,ED
WNC717,2591346,ED
WNC718,2593015,ED
WNC723,2589267,ED
WNC724,2590438,ED
WNC725,2592389,ED
WNC728,2586766,ED
WNC729,2588514,ED
WNC731,2592390,ED
WNC732,2586767,ED
WNC733,2586768,ED
WNC734,2590439,ED
WNC735,2592391,ED
WNC736,2586769,ED
WNC738,2586770,ED
WNC740,2590441,ED
WNC742,2591348,ED
WNC743,2592392,ED
WNC746,2588515,ED
WNC747,2593016,ED
WNC748,2588064,ED
WNC749,2593017,ED
WNC750,2588516,ED
WNC751,2588517,ED
WNC753,2586774,ED
WNC755,2586775,ED
WNC756,2586776,ED
WNC758,2592394,ED
WNC759,2586777,ED
WNC761,2586778,ED
WNC762,2586779,ED
WNC763,2590445,ED
WNC764,2586780,ED
WNC765,2592395,ED
WNC767,2590446,ED
WNC769,2593018,ED
WNC770,2588519,ED
WNC771,2591350,ED
WNC772,2588520,ED
WNC773,2588521,ED
WNC774,2586781,ED
WNC778,2591123,ED
WNC779,2591351,ED
WNC780,2586784,ED
WNC781,2590447,ED
WNC782,2592397,ED
WNC783,2586785,ED
WNC784,2590448,ED
WNC785,2586786,ED
WNC786,2586787,ED
WNC787,2593019,ED
WNC788,2588522,ED
WNC789,2591352,ED
WNC790,2588523,ED
WNC794,2590450,ED
WNC796,2593020,ED
WNC797,2586789,ED
WNC798,2591772,ED
WNC801,2592399,ED
WNC802,2588525,ED
WNC803,2593021,ED
WNC804,2591353,ED
WNC807,2588526,ED
WNC809,2590451,ED
WNC810,2588527,ED
WNC811,2592400,ED
WNC812,2586793,ED
WNC813,2590452,ED
WNC814,2586794,ED
WNC815,2586795,ED
WNC816,2590453,ED
WNC817,2591354,ED
WNC818,2588528,ED
WNC820,2586796,ED
WNC821,2590454,ED
WNC822,2586797,ED
WNC823,2590130,ED
WNC824,2588065,ED
WNC825,2586798,ED
WNC826,2590455,ED
WNC827,2586799,ED
WNC828,2592402,ED
WNC829,2592403,ED
WNC830,2586800,ED
WNC831,2588529,ED
WNC832,2586801,ED
WNC833,2590456,ED
WNC834,2588066,ED
WNC835,2586802,ED
WNC836,2589341,ED
WNC837,2591355,ED
WNC840,2586803,ED
WNC842,2592404,ED
WNC843,2586804,ED
WNC844,2590458,ED
WNC845,2586805,ED
WNC846,2586806,ED
WNC847,2590459,ED
WNC848,2591356,ED
WNC849,2588531,ED
WNC850,2586807,ED
WNC851,2588532,ED
WNC852,2592405,ED
WNC853,2592406,ED
WNC854,2591357,ED
WNC855,2588533,ED
WNC856,2586808,ED
WNC859,2593023,ED
WNC860,2591358,ED
WNC863,2588534,ED
WNC864,2590461,ED
WNC865,2592407,ED
WNC866,2588535,ED
WNC867,2586812,ED
WNC868,2593024,ED
WNC873,2590462,ED
WNC874,2586813,ED
WNC875,2586814,ED
WNC876,2592408,ED
WNC878,2586815,ED
WNC879,2592409,ED
WNC883,2590463,ED
WNC884,2588536,ED
WNC885,2586816,ED
WNC886,2593301,ED
WNC887,2589268,ED
WNC888,2589269,ED
WNC889,2591735,ED
WNC890,2593302,ED
WNC891,2586817,ED
WNC892,2588537,ED
WNC893,2586818,ED
WNC894,2590464,ED
WNC895,2592410,ED
WNC899,2586819,ED
WNC900,2590465,ED
WNC902,2586820,ED
WNC903,2586821,ED
WNC904,2590466,ED
WNC905,2591124,ED
WNC906,2592411,ED
WNC908,2586822,ED
WNC909,2592412,ED
WNC910,2586823,ED
WNC911,2586824,ED
WNC913,2590467,ED
WNC914,2591359,ED
WNC915,2586825,ED
WNC916,2592413,ED
WNC919,2586826,ED
WNC926,2586829,ED
WNC929,2593397,ED
WNC935,2593025,ED
WNC936,2592842,ED
WNC938,2592415,ED
WNC939,2586831,ED
WNC940,2586832,ED
WNC943,2588538,ED
WNC944,2591360,ED
WNC945,2588539,ED
WNC951,2588540,ED
WNC952,2590471,ED
WNC953,2586833,ED
WNC956,2592416,ED
WNC959,2590472,ED
WNC960,2586834,ED
WNC964,2586837,ED
WNC965,2588067,ED
WNC972,2586839,ED
WNC974,2590475,ED
WNC975,2586841,ED
WNC976,2592419,ED
WNC978,2589270,ED
WNC979,2592422,ED
WNC980,2590476,ED
WNC983,2593027,ED
WNC984,2586842,ED
WNC986,2590477,ED
WNC987,2586844,ED
WNC988,2586845,ED
WNC989,2588542,ED
WNC990,2590478,ED
WNC992,2586846,ED
WND204,2591125,ED
WND205,2588068,ED
WND206,2591362,ED
WND207,2588544,ED
WND208,2586849,ED
WND209,2590480,ED
WND210,2588545,ED
WND211,2586850,ED
WND215,2586851,ED
WND216,2591363,ED
WND218,2590481,ED
WND219,2593028,ED
WND220,2588546,ED
WND221,2586852,ED
WND222,2592423,ED
WND223,2590482,ED
WND224,2586853,ED
WND225,2586854,ED
WND226,2592424,ED
WND227,2586855,ED
WND228,2586856,ED
WND229,2590483,ED
WND230,2592425,ED
WND231,2586857,ED
WND232,2590484,ED
WND233,2586858,ED
WND234,2588069,ED
WND235,2592843,ED
WND236,2586859,ED
WND238,2588070,ED
WND240,2591364,ED
WND242,2586860,ED
WND243,2588547,ED
WND244,2588548,ED
WND245,2592426,ED
WND247,2591365,ED
WND248,2590486,ED
WND249,2586861,ED
WND252,2586862,ED
WND253,2592427,ED
WND255,2586863,ED
WND256,2586864,ED
WND257,2590487,ED
WND258,2593029,ED
WND259,2588549,ED
WND260,2592428,ED
WND261,2586865,ED
WND262,2593030,ED
WND263,2588550,ED
WND264,2590488,ED
WND265,2588551,ED
WND273,2591366,ED
WND274,2588552,ED
WND276,2586869,ED
WND279,2586871,ED
WND280,2590490,ED
WND282,2593031,ED
WND283,2591367,ED
WND286,2592844,ED
WND287,2591126,ED
WND288,2588071,ED
WND289,2588553,ED
WND291,2588554,ED
WND292,2591368,ED
WND293,2586873,ED
WND294,2586874,ED
WND295,2590492,ED
WND296,2592432,ED
WND297,2588555,ED
WND298,2588556,ED
WND299,2591369,ED
WND300,2593032,ED
WND301,2588557,ED
WND302,2593033,ED
WND303,2588072,ED
WND304,2591127,ED
WND305,2588073,ED
WND307,2591128,ED
WND308,2586875,ED
WND309,2588558,ED
WND310,2590493,ED
WND311,2586876,ED
WND313,2592433,ED
WND320,2592845,ED
WND321,2586878,ED
WND322,2592434,ED
WND323,2590494,ED
WND324,2586879,ED
WND326,2590495,ED
WND327,2586881,ED
WND328,2586882,ED
WND329,2590254,ED
WND330,2590496,ED
WND331,2592435,ED
WND332,2586883,ED
WND334,2588559,ED
WND335,2590497,ED
WND345,2592436,ED
WND347,2586886,ED
WND348,2592437,ED
WND350,2590498,ED
WND351,2586887,ED
WND352,2586888,ED
WND353,2590499,ED
WND354,2586889,ED
WND355,2586890,ED
WND356,2590500,ED
WND357,2592438,ED
WND358,2588561,ED
WND359,2588562,ED
WND360,2591372,ED
WND361,2588563,ED
WND362,2588564,ED
WND363,2591373,ED
WND364,2593035,ED
WND366,2588565,ED
WND367,2586891,ED
WND368,2590501,ED
WND369,2593036,ED
WND370,2586892,ED
WND371,2588075,ED
WND372,2586893,ED
WND373,2591129,ED
WND374,2592439,ED
WND375,2586894,ED
WND376,2588076,ED
WND377,2588077,ED
WND381,2592440,ED
WND382,2590502,ED
WND383,2586895,ED
WND384,2593330,ED
WND385,2586896,ED
WND392,2586899,ED
WND393,2592846,ED
WND394,2588078,ED
WND395,2592214,ED
WND396,2590505,ED
WND397,2592847,ED
WND398,2588566,ED
WND400,2586900,ED
WND401,2588079,ED
WND402,2588567,ED
WND403,2591374,ED
WND404,2588568,ED
WND405,2586901,ED
WND406,2592442,ED
WND407,2592443,ED
WND408,2586902,ED
WND409,2590506,ED
WND410,2593037,ED
WND411,2586903,ED
WND412,2586904,ED
WND413,2590507,ED
WND414,2586905,ED
WND415,2591375,ED
WND416,2588080,ED
WND417,2592444,ED
WND419,2591131,ED
WND421,2590508,ED
WND425,2588081,ED
WND426,2588570,ED
WND427,2592445,ED
WND428,2591376,ED
WND429,2586908,ED
WND432,2588572,ED
WND434,2590509,ED
WND448,2588082,ED
WND449,2586916,ED
WND450,2591132,ED
WND454,2586414,ED
WND455,2593038,ED
WND458,2592848,ED
WND459,2588083,ED
WND460,2586917,ED
WND461,2591133,ED
WND462,2588084,ED
WND465,2593039,ED
WND466,2588574,ED
WND467,2588575,ED
WND468,2591378,ED
WND469,2591150,ED
WND470,2592449,ED
WND471,2586918,ED
WND473,2588576,ED
WND475,2590514,ED
WND476,2588577,ED
WND478,2586919,ED
WND483,2586920,ED
WND484,2590515,ED
WND487,2592451,ED
WND488,2586922,ED
WND492,2592452,ED
WND494,2591379,ED
WND496,2590516,ED
WND497,2586924,ED
WND498,2586925,ED
WND499,2590517,ED
WND503,2586926,ED
WND507,2590518,ED
WND514,2589212,ED
WND515,2593280,ED
WND516,2586400,ED
WND517,2592245,ED
WND518,2588117,ED
WND519,2590264,ED
WND521,2592246,ED
WND522,2586391,ED
WND524,2590269,ED
WND525,2592256,ED
WND526,2586425,ED
WND527,2586424,ED
WND528,2590270,ED
WND529,2586423,ED
WND530,2592254,ED
WND535,2592860,ED
WND536,2588040,ED
WND537,2588039,ED
WND539,2590247,ED
WND540,2586418,ED
WND543,2591111,ED
WND544,2592251,ED
WND545,2586398,ED
WND546,2589211,ED
WND547,2590262,ED
WND548,2586390,ED
WND549,2586412,ED
WND550,2588110,ED
WND551,2591110,ED
WND552,2586416,ED
WND554,2590263,ED
WND555,2590253,ED
WND557,2586392,ED
WND558,2586393,ED
WND559,2588115,ED
WND560,2586426,ED
WND561,2588041,ED
WND562,2586106,ED
WND563,2592831,ED
WND565,2586107,ED
WND566,2586119,ED
WND568,2592736,ED
WND569,2587721,ED
WND574,2592253,ED
WND575,2586422,ED
WND576,2592252,ED
WND577,2592255,ED
WND578,2586405,ED
WND579,2587770,ED
WND580,2586394,ED
WND581,2586408,ED
WND582,2591075,ED
WND583,2586409,ED
WND584,2586411,ED
WND585,2586407,ED
WND586,2592249,ED
WND587,2586406,ED
WND588,2586396,ED
WND589,2590255,ED
WND591,2586397,ED
WND592,2586413,ED
WND593,2590271,ED
WND594,2586404,ED
WND596,2590268,ED
WND597,2588116,ED
WND598,2590259,ED
WND599,2590258,ED
WND600,2590260,ED
WND601,2586399,ED
WND602,2586421,ED
WND603,2586419,ED
WND604,2590257,ED
WND605,2586401,ED
WND606,2590266,ED
WND607,2586410,ED
WND608,2592248,ED
WND609,2590256,ED
WND611,2586420,ED
WND612,2592244,ED
WND613,2586417,ED
WND616,2592247,ED
WND617,2586403,ED
WND618,2590267,ED
WND619,2590265,ED
WND620,2592250,ED
WND622,2590261,ED
WND623,2588015,ED
WND624,2592824,ED
WND626,2586395,ED
WND627,2586415,ED
WND632,2586201,ED
WND635,2593332,BR
WND679,2590185,ED
WND680,2593645,ED
WND681,2590201,ED
WNEX651,2593147,BR
WNEX652,2591516,BR
WNEX653,2588850,BR
WNEX654,2588851,BR
WNEX655,2591517,BR
WNEX688,2590237,BR
WNEX722,2588852,BR
WNEX725,2589452,BR
WNEX765,2586361,BR
WNEX781,2591828,BR
WNEX782,2591518,BR
WNEX783,2593148,BR
WNEX784,2588854,BR
WNEX785,2593373,BR
WNEY710,2591705,BR
WNEZ240,2591520,BR
WNEZ928,2591524,BR
WNEZ929,2588867,BR
WNTA285,2590176,ED
WNTA368,2591525,BR
WNTA435,2591526,BR
WNTA436,2586362,BR
WNTA470,2588871,BR
WNTA478,2588872,BR
WNTA575,2593156,BR
WNTA626,2591528,BR
WNTA868,2588877,BR
WNTA982,2588879,BR
WNTB224,2593374,BR
WNTB227,2593159,BR
WNTB278,2593160,BR
WNTB279,2588883,BR
WNTB410,2588884,BR
WNTB420,2591831,BR
WNTB422,2588886,BR
WNTB460,2593161,BR
WNTB468,2588889,BR
WNTB476,2589458,BR
WNTB577,2589459,BR
WNTB687,2593162,BR
WNTB689,2591832,BR
WNTB718,2588892,BR
WNTB791,2591538,BR
WNTB792,2588893,BR
WNTC500,2593164,BR
WNTC543,2588896,BR
WNTC664,2588899,BR
WNTD763,2591833,BR
WNTD797,2588900,BR
WNTD869,2590238,BR
WNTE288,2593166,BR
WNTE463,2591544,BR
WNTE464,2589209,BR
WNTE489,2588904,BR
WNTE611,2593167,BR
WNTF247,2588905,BR
WNTF306,2588906,BR
WNTF451,2588907,BR
WNTF478,2588909,BR
WNTG393,2592233,BR
WNTG394,2591550,BR
WNTG437,2588916,BR
WNTG845,2586363,BR
WNTH392,2592234,BR
WNTH444,2588926,BR
WNTH500,2591557,BR
WNTH507,2588931,BR
WNTH585,2589469,BR
WNTH636,2589470,BR
WNTH817,2593179,BR
WNTH820,2588936,BR
WNTH843,2588937,BR
WNTH847,2586364,BR
WNTH887,2586113,BR
WNTH924,2591564,BR
WNTH926,2588940,BR
WNTH948,2593181,BR
WNTH956,2588943,BR
WNTH970,2588944,BR
WNTI260,2588947,BR
WNTI333,2591568,BR
WNTI337,2588948,BR
WNTI403,2589476,BR
WNTI409,2590227,BR
WNTI465,2588949,BR
WNTI521,2588951,BR
WNTI531,2592235,BR
WNTI583,2588954,BR
WNTI796,2592477,BR
WNTJ366,2589479,BR
WNTJ368,2592136,BR
WNTJ374,2593383,BR
WNTJ376,2589480,BR
WNTJ377,2586141,BR
WNTJ383,2588961,BR
WNTJ386,2586142,BR
WNTJ387,2591843,BR
WNTJ388,2593384,BR
WNTJ390,2586143,BR
WNTJ392,2591844,BR
WNTJ426,2588966,BR
WNTJ427,2588967,BR
WNTJ432,2589483,BR
WNTJ440,2588969,BR
WNTJ459,2591580,BR
WNTJ462,2593385,BR
WNTJ727,2591583,BR
WNTJ765,2589487,BR
WNTJ808,2591847,BR
WNTK288,2586367,BR
WNTK289,2588985,BR
WNTK294,2591588,BR
WNTK311,2593197,BR
WNTK371,2588986,BR
WNTK396,2591589,BR
WNTK426,2588987,BR
WNTK634,2586311,BR
WNTK966,2591592,BR
WNTM675,2589001,BR
WNTM819,2591598,BR
WNTU756,2590213,BR
WOF43,2591602,BR
WOF49,2590241,BR
WOG94,2593040,ED
WOW99,2586146,ED
WPY38,2589496,BR
WQAB902,2616061,ED
WQAI668,2627198,ED
WQAM573,2633905,ED
WQAR738,2640023,ED
WQBL500,2666809,ED
WQBL503,2666812,ED
WQBL504,2666813,ED
WQCH847,2699972,ED
WQCI578,2700982,ED
WQCI587,2701002,ED
WQCI646,2701258,ED
WQCI659,2701275,ED
WQCI690,2701348,ED
WQCI715,2701380,ED
WQCK957,2705841,ED
WQCK961,2705845,ED
WQCK987,2705903,ED
WQCL437,2706517,ED
WQCL444,2706530,ED
WQCL447,2706533,ED
WQCL455,2706578,ED
WQCM439,2708215,ED
WQCM973,2709560,ED
WQCN267,2709750,ED
WQCN270,2709753,ED
WQCN524,2710368,ED
WQCN525,2710369,ED
WQCN526,2710370,ED
WQCN528,2710372,ED
WQCN535,2710380,ED
WQCN537,2710382,ED
WQCN570,2710417,ED
WQCN711,2710838,ED
WQCP223,2711589,ED
WQCP228,2711594,ED
WQCP360,2711903,ED
WQCP374,2711917,ED
WQCP378,2711921,ED
WQCP507,2712235,ED
WQCP827,2712969,ED
WQCP828,2712970,ED
WQCP829,2712971,ED
WQCP830,2712972,ED
WQCP884,2713036,ED
WQCP885,2713037,ED
WQCP981,2713289,ED
WQCP982,2713290,ED
WQCQ267,2713696,ED
WQCQ365,2713998,ED
WQCQ366,2713999,ED
WQCQ367,2714000,ED
WQCQ692,2714910,ED
WQCQ693,2714911,ED
WQCQ694,2714912,ED
WQCQ695,2714913,ED
WQCQ718,2714953,ED
WQCQ857,2715311,ED
WQCQ861,2715322,ED
WQCQ937,2715679,ED
WQCR282,2716043,ED
WQCR294,2716066,ED
WQCR554,2716508,ED
WQCR581,2716535,ED
WQCR737,2717006,ED
WQCR739,2717008,ED
WQCT296,2719529,ED
WQCT674,2720345,ED
WQCU376,2721420,ED
WQCU381,2721426,ED
WQCV200,2722951,ED
WQCV325,2723205,BR
WQCV327,2723207,BR
WQCV825,2724457,ED
WQCY880,2729750,ED
WQDN530,2753114,BR
WQDZ549,2767884,ED
WQDZ736,2768703,BR
WQFG870,2826661,ED
WQFY338,2857112,ED
WQGH651,2874865,BR
WQGI323,2876221,ED
WQGI340,2876239,ED
WQGK277,2880585,ED
WQGY259,2912872,ED
WQIQ973,3005240,BR
WQIZ681,3025308,ED
WQJI405,3044280,ED
WQJI817,3045288,ED
WQJZ200,3034973,ED
WQLW449,3195968,BR
WQLW455,3195974,BR
WQLW461,3195980,BR
WQLW462,3195981,BR
WQLW466,3195985,BR
WQLW467,3195986,BR
WQLW468,3195987,BR
WQLW469,3195988,BR
WQLW470,3195989,BR
WQLW471,3195990,BR
WQLW472,3195991,BR
WQLW473,3195992,BR
WQLW474,3195993,BR
WQLW475,3195994,BR
WQLW476,3195995,BR
WQLW477,3195996,BR
WQLW478,3195997,BR
WQLW479,3195998,BR
WQLW480,3195999,BR
WQLW481,3196000,BR
WQLW482,3196001,BR
WQLW483,3196002,BR
WQLW484,3196003,BR
WQLW485,3196004,BR
WQLW486,3196005,BR
WQLW487,3196006,BR
WQLW488,3196007,BR
WQLW489,3196008,BR
WQLW490,3196009,BR
WQLW491,3196010,BR
WQLW492,3196011,BR
WQLW493,3196012,BR
WQLW494,3196013,BR
WQLW495,3196014,BR
WQLW496,3196015,BR
WQLW497,3196016,BR
WQLW498,3196017,BR
WQLW499,3196018,BR
WQLW500,3196019,BR
WQLW501,3196020,BR
WQLW502,3196021,BR
WQLW503,3196022,BR
WQLW504,3196023,BR
WQLW505,3196024,BR
WQLW506,3196025,BR
WQLW507,3196026,BR
WQLX993,3199947,BR
WQLX994,3199948,BR
WQMK412,3225553,BR
WQMK413,3225554,BR
WQMK414,3225555,BR
WQNT606,3290341,BR
WQNT607,3290342,BR
WQNT608,3290343,BR
WQOH794,3321494,ED
WQOH795,3321495,BR
WQOH796,3321496,BR
WQOH797,3321497,BR
WQOH798,3321498,ED
WQPV225,3403814,BR
WQPV226,3403815,BR
WQPV227,3403816,BR
WQPV228,3403817,BR
WQSA854,3508481,BR
WQST793,3534460,ED
WQST798,3534465,ED
WQST799,3534466,ED
WQST801,3534468,ED
WQST802,3534469,ED
WQSW538,3539379,ED
WQTE628,3553067,BR
WQXK924,3798076,ED
WQXL755,3799890,ED
WQXM461,3801351,ED
WQXM685,3802350,ED
WQXM686,3802351,ED
WQXM697,3802362,ED
WQXN211,3803256,ED
WQXS628,3816533,ED
WQYK856,3860121,BR
WQYK857,3860122,BR
WQYK858,3860123,BR
WQYK859,3860124,BR
WQYK860,3860125,BR
WQYK861,3860126,BR
WQYK862,3860127,BR
WQYK863,3860128,BR
WQYK864,3860129,BR
WQYK865,3860130,BR
WQYK866,3860131,BR
WQYK867,3860132,BR
WQYK868,3860133,BR
WQYK869,3860134,BR
WQYK870,3860135,BR
WQYK871,3860136,BR
WQYK872,3860137,BR
WQYK873,3860138,BR
WQYK874,3860139,BR
WQYK875,3860140,BR
WQYK876,3860141,BR
WQYK877,3860142,BR
WQYK878,3860143,BR
WQYK879,3860144,BR
WQYK880,3860145,BR
WQYK881,3860146,BR
WQYK882,3860147,BR
WQYK883,3860148,BR
WQYK884,3860149,BR
WQYK885,3860150,BR
WQYK886,3860151,BR
WQYK887,3860152,BR
WQYK888,3860153,BR
WQYK889,3860154,BR
WQYK890,3860155,BR
WQYK891,3860156,BR
WQYK892,3860157,BR
WQYK893,3860158,BR
WQYK894,3860159,BR
WQYK895,3860160,BR
WQYK896,3860161,BR
WQYK897,3860162,BR
WQYK898,3860163,BR
WQYK899,3860164,BR
WQYK900,3860165,BR
WQYK901,3860166,BR
WQYK902,3860167,BR
WQYK903,3860168,BR
WQYK904,3860169,BR
WQYK905,3860170,BR
WQYK906,3860171,BR
WQYK907,3860172,BR
WQYK908,3860173,BR
WQYK909,3860174,BR
WQYK910,3860175,BR
WQYK911,3860176,BR
WQYK912,3860177,BR
WQYK913,3860178,BR
WQYK914,3860179,BR
WQYK915,3860180,BR
WQYK917,3860182,BR
WQYK918,3860183,BR
WQYK919,3860184,BR
WQYK920,3860185,BR
WQYK921,3860186,BR
WQYK922,3860187,BR
WQYK923,3860188,BR
WQYK924,3860189,BR
WQYK925,3860190,BR
WQYK926,3860191,BR
WQYK927,3860192,BR
WQYK928,3860193,BR
WQYK929,3860194,BR
WQYK930,3860195,BR
WQYK931,3860196,BR
WQYK932,3860197,BR
WQYK933,3860198,BR
WQYK934,3860199,BR
WQYK935,3860200,BR
WQYK936,3860201,BR
WQYK937,3860202,BR
WQYK938,3860203,BR
WQYK939,3860204,BR
WQYK940,3860205,BR
WQYK941,3860206,BR
WQYK942,3860207,BR
WQYK943,3860208,BR
WQYK944,3860209,BR
WQYK945,3860210,BR
WQYK946,3860211,BR
WQYK947,3860212,BR
WQYK948,3860213,BR
WQYK949,3860214,BR
WQYK950,3860215,BR
WQYK951,3860216,BR
WQYK952,3860217,BR
WQYK953,3860218,BR
WQYK954,3860219,BR
WQYK955,3860220,BR
WQYK956,3860221,BR
WQYK957,3860222,BR
WQYK958,3860223,BR
WQYK959,3860224,BR
WQYK960,3860225,BR
WQYK961,3860226,BR
WQYK962,3860227,BR
WQYK963,3860228,BR
WQYK964,3860229,BR
WQYK965,3860230,BR
WQYK966,3860231,BR
WQYK967,3860232,BR
WQYK968,3860233,BR
WQYK969,3860234,BR
WQYK970,3860235,BR
WQYK971,3860236,BR
WQYK972,3860237,BR
WQYK973,3860238,BR
WQYK974,3860239,BR
WQYK975,3860240,BR
WQYK976,3860241,BR
WQYK977,3860242,BR
WQYK978,3860243,BR
WQYK979,3860244,BR
WQYK980,3860245,BR
WQYK981,3860246,BR
WQYK982,3860247,BR
WQYK983,3860248,BR
WQYK984,3860249,BR
WQYK985,3860250,BR
WQYK986,3860251,BR
WQYK987,3860252,BR
WQYK988,3860253,BR
WQYK989,3860254,BR
WQYK990,3860255,BR
WQYK991,3860256,BR
WQYK992,3860257,BR
WQYK993,3860258,BR
WQYK994,3860259,BR
WQYK995,3860260,BR
WQYK996,3860261,BR
WQYK997,3860262,BR
WQYK998,3860263,BR
WQYK999,3860264,BR
WQYL200,3860265,BR
WQYL201,3860266,BR
WQYL202,3860267,BR
WQYL203,3860268,BR
WQYL204,3860269,BR
WQYL205,3860270,BR
WQYL292,3860769,BR
WQYL293,3860770,BR
WQYL294,3860771,BR
WQYL295,3860772,BR
WQYL296,3860773,BR
WQYL297,3860774,BR
WQYL298,3860775,BR
WQYL299,3860776,BR
WQYL300,3860777,BR
WQYL301,3860778,BR
WQYL302,3860779,BR
WQYL303,3860780,BR
WQYL304,3860781,BR
WQYL305,3860782,BR
WQYL306,3860783,BR
WQYL307,3860784,BR
WQYL308,3860785,BR
WQYL309,3860786,BR
WQYL310,3860787,BR
WQYL311,3860788,BR
WQYL312,3860789,BR
WQYL313,3860790,BR
WQYL314,3860791,BR
WQYL315,3860792,BR
WQYL316,3860793,BR
WQYL317,3860794,BR
WQYL318,3860795,BR
WQYL319,3860796,BR
WQYL320,3860797,BR
WQYL321,3860798,BR
WQYL322,3860799,BR
WQYL323,3860800,BR
WQYL324,3860801,BR
WQYL325,3860802,BR
WQYL326,3860803,BR
WQYL327,3860804,BR
WQYL328,3860805,BR
WQYL329,3860806,BR
WQYL330,3860807,BR
WQYL331,3860808,BR
WQYL332,3860809,BR
WQYL333,3860810,BR
WQYL334,3860811,BR
WQYL335,3860812,BR
WQYL336,3860813,BR
WQYL337,3860814,BR
WQYL338,3860815,BR
WQYL339,3860816,BR
WQYL340,3860817,BR
WQYL341,3860818,BR
WQYL342,3860819,BR
WQYL343,3860820,BR
WQYL344,3860821,BR
WQYL345,3860822,BR
WQYL346,3860823,BR
WQYL347,3860824,BR
WQYL348,3860825,BR
WQYL349,3860826,BR
WQYL625,3861734,BR
WQYL626,3861735,BR
WQYL627,3861736,BR
WQYL628,3861737,BR
WQYL629,3861738,BR
WQYL630,3861739,BR
WQYL631,3861740,BR
WQYL632,3861741,BR
WQYL633,3861742,BR
WQYL634,3861743,BR
WQYL635,3861744,BR
WQYL636,3861745,BR
WQYL637,3861746,BR
WQYL638,3861747,BR
WQYL639,3861748,BR
WQYL640,3861749,BR
WQYL641,3861750,BR
WQYL642,3861751,BR
WQYL643,3861752,BR
WQYL644,3861753,BR
WQYL645,3861754,BR
WQYL646,3861755,BR
WQYL647,3861756,BR
WQYL648,3861757,BR
WQYL649,3861758,BR
WQYL650,3861759,BR
WQYL651,3861760,BR
WQYL652,3861761,BR
WQYL653,3861762,BR
WQYL654,3861763,BR
WQYL655,3861764,BR
WQYL656,3861765,BR
WQYL657,3861766,BR
WQYL658,3861767,BR
WQYL659,3861768,BR
WQYL660,3861769,BR
WQYL661,3861770,BR
WQYL662,3861771,BR
WQYL663,3861772,BR
WQYL664,3861773,BR
WQYL665,3861774,BR
WQYL666,3861775,BR
WQYL667,3861776,BR
WQYL668,3861777,BR
WQYL669,3861778,BR
WQYL670,3861779,BR
WQYL671,3861780,BR
WQYL672,3861781,BR
WQYL673,3861782,BR
WQYL674,3861783,BR
WQYL675,3861784,BR
WQYL676,3861785,BR
WQYL677,3861786,BR
WQYL678,3861787,BR
WQYL679,3861788,BR
WQYL680,3861789,BR
WQYL681,3861790,BR
WQYL682,3861791,BR
WQYL683,3861792,BR
WQYL684,3861793,BR
WQYL685,3861794,BR
WQYL686,3861795,BR
WQYL687,3861796,BR
WQYL688,3861797,BR
WQYL689,3861798,BR
WQYL690,3861799,BR
WQYL691,3861800,BR
WQYL692,3861801,BR
WQYL693,3861802,BR
WQYL694,3861803,BR
WQYL695,3861804,BR
WQYL696,3861805,BR
WQYL697,3861806,BR
WQYL698,3861807,BR
WQYL699,3861808,BR
WQYL700,3861809,BR
WQYL701,3861810,BR
WQYL702,3861811,BR
WQYL703,3861812,BR
WQYL704,3861813,BR
WQYL705,3861814,BR
WQYL706,3861815,BR
WQYL707,3861816,BR
WQYL708,3861817,BR
WQYL709,3861818,BR
WQYL710,3861819,BR
WQYL711,3861820,BR
WQYL712,3861821,BR
WQYL713,3861822,BR
WQYL714,3861823,BR
WQYL715,3861824,BR
WQYL716,3861825,BR
WQYL717,3861826,BR
WQYL718,3861827,BR
WQYL719,3861828,BR
WQYL720,3861829,BR
WQYL721,3861830,BR
WQYL722,3861831,BR
WQYL723,3861832,BR
WQYL724,3861833,BR
WQYL725,3861834,BR
WQYL726,3861835,BR
WQYL727,3861836,BR
WQYL728,3861837,BR
WQYL729,3861838,BR
WQYL730,3861839,BR
WQYL731,3861840,BR
WQYL732,3861841,BR
WQYL733,3861842,BR
WQYL734,3861843,BR
WQYL735,3861844,BR
WQYL736,3861845,BR
WQYL737,3861846,BR
WQYL738,3861847,BR
WQYL739,3861848,BR
WQYL740,3861849,BR
WQYL741,3861850,BR
WQYL742,3861851,BR
WQYL743,3861852,BR
WQYL744,3861853,BR
WQYL760,3861925,BR
WQYL761,3861926,BR
WQYL762,3861927,BR
WQYL763,3861928,BR
WQYL764,3861929,BR
WQYL765,3861930,BR
WQYL766,3861931,BR
WQYL767,3861932,BR
WQYL768,3861933,BR
WQYL769,3861934,BR
WQYL770,3861935,BR
WQYL771,3861936,BR
WQYL772,3861937,BR
WQYL773,3861938,BR
WQYL774,3861939,BR
WQYL775,3861940,BR
WQYL776,3861941,BR
WQYL777,3861942,BR
WQYL778,3861943,BR
WQYL779,3861944,BR
WQYL780,3861945,BR
WQYL781,3861946,BR
WQYL782,3861947,BR
WQYL783,3861948,BR
WQYL784,3861949,BR
WQYL785,3861950,BR
WQYL786,3861951,BR
WQYL787,3861952,BR
WQYL788,3861953,BR
WQYL789,3861954,BR
WQYL790,3861955,BR
WQYL791,3861956,BR
WQYL792,3861957,BR
WQYL793,3861958,BR
WQYL794,3861959,BR
WQYL795,3861960,BR
WQYL796,3861961,BR
WQYL797,3861962,BR
WQYL798,3861963,BR
WQYL799,3861964,BR
WQYL800,3861965,BR
WQYL801,3861966,BR
WQYL802,3861967,BR
WQYL803,3861968,BR
WQYL804,3861969,BR
WQYL805,3861970,BR
WQYL806,3861971,BR
WQYL807,3861972,BR
WQYL808,3861973,BR
WQYL809,3861974,BR
WQYL810,3861975,BR
WQYL811,3861976,BR
WQYL812,3861977,BR
WQYL813,3861978,BR
WQYL814,3861979,BR
WQYL815,3861980,BR
WQYL816,3861981,BR
WQYL817,3861982,BR
WQYL818,3861983,BR
WQYL819,3861984,BR
WQYL820,3861985,BR
WQYL821,3861986,BR
WQYL822,3861987,BR
WQYL823,3861988,BR
WQYL824,3861989,BR
WQYL825,3861990,BR
WQYL826,3861991,BR
WQYL827,3861992,BR
WQYL828,3861993,BR
WQYL829,3861994,BR
WQYL830,3861995,BR
WQYL831,3861996,BR
WQYL832,3861997,BR
WQYL833,3861998,BR
WQYL834,3861999,BR
WQYL835,3862000,BR
WQYL836,3862001,BR
WQYL837,3862002,BR
WQYL838,3862003,BR
WQYL839,3862004,BR
WQYL840,3862005,BR
WQYL841,3862006,BR
WQYL842,3862007,BR
WQYL843,3862008,BR
WQYL844,3862009,BR
WQYL845,3862010,BR
WQYL846,3862011,BR
WQYL847,3862012,BR
WQYL848,3862013,BR
WQYL849,3862014,BR
WQYL850,3862015,BR
WQYL851,3862016,BR
WQYL852,3862017,BR
WQYL853,3862018,BR
WQYL854,3862019,BR
WQYL855,3862020,BR
WQYL856,3862021,BR
WQYL857,3862022,BR
WQYL858,3862023,BR
WQYL859,3862024,BR
WQYL860,3862025,BR
WQYL861,3862026,BR
WQYL862,3862027,BR
WQYL863,3862028,BR
WQYL865,3862030,BR
WQYL886,3862181,BR
WQYL887,3862182,BR
WQYL890,3862185,BR
WQYL891,3862186,BR
WQYL892,3862187,BR
WQYL893,3862188,BR
WQYL898,3862195,BR
WQYL899,3862196,BR
WQYL900,3862197,BR
WQYL902,3862199,BR
WQYL903,3862200,BR
WQYL904,3862201,BR
WQYL905,3862202,BR
WQYL908,3862205,BR
WQYL910,3862207,BR
WQYQ254,3872727,BR
WQYQ255,3872728,BR
WQYQ256,3872729,BR
WQYQ257,3872730,BR
WQYQ258,3872731,BR
WQYQ259,3872732,BR
WQYQ260,3872733,BR
WQYQ261,3872734,BR
WQYQ262,3872735,BR
WQYQ508,3873709,BR
WQYQ509,3873710,BR
WQYQ510,3873711,BR
WQYQ511,3873712,BR
WQYR562,3876557,ED
WQYR563,3876608,ED
WQYU424,3883636,BR
WQYU425,3883637,BR
WRAI908,3979887,BR
WRAI909,3979888,BR
WRAT732,4005396,ED
WRCI776,4090633,BR
WRCI778,4090635,BR
WRCI779,4090636,BR
WRCI780,4090637,BR
WRCI781,4090638,BR
WRDL997,4166121,ED
WRDL998,4166122,ED
WRDM247,4166290,ED
WRDV910,4185316,ED
WRDV911,4185317,ED
WREA814,4196127,ED
WRHU471,4303671,ED
WRHZ202,4266405,BR
WRJS780,4345606,ED
WRJS783,4345609,ED
WRJS785,4345622,ED
WRJS786,4345624,ED
WRJS788,4345626,ED
WRJS789,4345627,ED
WRJS790,4345628,ED
WRJS791,4345629,ED
WRJS792,4345630,ED
WRJS793,4345631,ED
WRJS794,4345632,ED
WRJS795,4345633,ED
WRJS796,4345634,ED
WRJS797,4345635,ED
WRJS798,4345636,ED
WRJS801,4345639,ED
WRJS802,4345640,ED
WRJS803,4345641,ED
WRJS804,4345642,ED
WRJS805,4345643,ED
WRJS808,4345670,ED
WRJS809,4345671,ED
WRJS810,4345672,ED
WRJS811,4345673,ED
WRJS812,4345674,ED
WRJS813,4345675,ED
WRJS814,4345676,ED
WRJS815,4345677,ED
WRJS816,4345678,ED
WRJS817,4345679,ED
WRJS818,4345680,ED
WRJS819,4345681,ED
WRJS820,4345682,ED
WRJS821,4345683,ED
WRJS822,4345684,ED
WRJS823,4345685,ED
WRJS824,4345686,ED
WRJS825,4345687,ED
WRJS826,4345688,ED
WRJS827,4345689,ED
WRJS828,4345690,ED
WRJS829,4345691,ED
WRJS830,4345692,ED
WRJS831,4345693,ED
WRJS832,4345694,ED
WRJS833,4345695,ED
WRJS834,4345697,ED
WRJS835,4345698,ED
WRJS836,4345699,ED
WRJS837,4345700,ED
WRJS838,4345701,ED
WRJS839,4345702,ED
WRJS840,4345703,ED
WRJS841,4345704,ED
WRJS842,4345705,ED
WRJS843,4345706,ED
WRJS845,4345708,ED
WRJS846,4345709,ED
WRJS847,4345710,ED
WRJS849,4345712,ED
WRJS850,4345713,ED
WRJS851,4345714,ED
WRJS852,4345715,ED
WRJS854,4345717,ED
WRJS855,4345718,ED
WRJS856,4345719,ED
WRJS857,4345720,ED
WRJS862,4345776,ED
WRJS863,4345798,ED
WRJS867,4345802,ED
WRJS868,4345803,ED
WRJS869,4345804,ED
WRJS870,4345805,ED
WRJS871,4345806,ED
WRJS873,4345808,ED
WRJS874,4345809,ED
WRJS877,4345812,ED
WRJS878,4345813,ED
WRJS879,4345814,ED
WRJS880,4345815,ED
WRJS881,4345826,ED
WRJS882,4345828,ED
WRJS884,4345830,ED
WRJS885,4345831,ED
WRJS886,4345832,ED
WRJS887,4345833,ED
WRJS888,4345834,ED
WRJS889,4345835,ED
WRJS890,4345836,ED
WRJS891,4345837,ED
WRJS892,4345838,ED
WRJS893,4345839,ED
WRJS894,4345840,ED
WRJS895,4345841,ED
WRJS896,4345842,ED
WRJS897,4345843,ED
WRJS898,4345844,ED
WRJS899,4345845,ED
WRJS900,4345846,ED
WRJS901,4345847,ED
WRJS902,4345848,ED
WRJS903,4345849,ED
WRJS904,4345850,ED
WRJS905,4345851,ED
WRJS906,4345852,ED
WRJS907,4345853,ED
WRJS908,4345854,ED
WRJS909,4345855,ED
WRJS910,4345856,ED
WRJS911,4345857,ED
WRJS912,4345858,ED
WRJS913,4345859,ED
WRJS914,4345860,ED
WRJS915,4345861,ED
WRJS916,4345862,ED
WRJS917,4345863,ED
WRJS918,4345864,ED
WRJS919,4345865,ED
WRJS920,4345866,ED
WRJS921,4345867,ED
WRJS922,4345868,ED
WRJS923,4345869,ED
WRJS924,4345870,ED
WRJS925,4345871,ED
WRJS926,4345872,ED
WRJS927,4345873,ED
WRJS928,4345874,ED
WRJS930,4345885,ED
WRJS931,4345886,ED
WRJS932,4345887,ED
WRJS933,4345888,ED
WRJS934,4345889,ED
WRJS935,4345890,ED
WRJS936,4345891,ED
WRJS937,4345892,ED
WRJS938,4345893,ED
WRJS939,4345894,ED
WRJS940,4345896,ED
WRJS941,4345897,ED
WRJS942,4345898,ED
WRJS943,4345899,ED
WRJS944,4345900,ED
WRJS945,4345901,ED
WRJS946,4345902,ED
WRJS947,4345903,ED
WRJS948,4345904,ED
WRJS949,4345905,ED
WRJS950,4345906,ED
WRJS951,4345907,ED
WRJS952,4345908,ED
WRJS953,4345909,ED
WRJS954,4345910,ED
WRJT281,4346112,ED
WRJT284,4346115,ED
WRJV798,4350636,ED
WRJV799,4350637,ED
WRJX682,4354166,ED
WRKE698,4366219,ED
WRKE699,4366220,ED
WRKE700,4366221,ED
WRKE701,4366222,ED
WRKE702,4366223,ED
WRKE703,4366224,ED
WRKE704,4366225,ED
WRKE705,4366226,ED
WRKE706,4366227,ED
WRKE709,4366230,ED
WRKE710,4366231,ED
WRKE712,4366233,ED
WRKE713,4366234,ED
WRKE715,4366236,ED
WRKE716,4366238,ED
WRKE717,4366239,ED
WRKE718,4366240,ED
WRKF300,4367252,ED
WRKF301,4367253,ED
WRKF302,4367254,ED
WRKF303,4367255,ED
WRKF305,4367257,ED
WRKG775,4369800,ED
WRKG777,4369802,ED
WRKG778,4369803,ED
WRKK960,4375912,ED
WRKK963,4375915,ED
WRKV789,4391705,ED
WRKV790,4391729,ED
WRKV791,4391730,ED
WRKV793,4391732,ED
WRKV794,4391733,ED
WRKV795,4391734,ED
WRKV796,4391735,ED
WRKV797,4391736,ED
WRKV798,4391737,ED
WRKV799,4391738,ED
WRKV800,4391739,ED
WRKV801,4391740,ED
WRKV802,4391741,ED
WRKV803,4391742,ED
WRKV804,4391743,ED
WRKV805,4391744,ED
WRKV806,4391745,ED
WRKV808,4391747,ED
WRKV809,4391748,ED
WRKV810,4391750,ED
WRKV811,4391751,ED
WRKZ403,4398692,ED
WRKZ404,4398693,ED
WRKZ445,4399099,ED
WRKZ446,4399100,ED
WRKZ447,4399101,ED
WRKZ448,4399102,ED
WRKZ449,4399103,ED
WRLD374,4403020,ED
WRLD376,4403022,ED
WRLD378,4403024,ED
WRMD479,4426654,ED
WRMF250,4429895,ED
WRMG712,4432910,ED
WRMJ745,4438381,ED
WRMM829,4444211,ED
WRMM830,4444212,ED
WRMP511,4447420,ED
WRMP512,4447421,ED
WRMP513,4447422,ED
WRMP514,4447423,ED
WRMP516,4447425,ED
WRMP517,4447426,ED
WRMP518,4447427,ED
WRMP519,4447428,ED
WRMP520,4447429,ED
WRMP521,4447430,ED
WRMP522,4447431,ED
WRMP525,4447435,ED
WRMP526,4447436,ED
WRMP527,4447437,ED
WRMP528,4447438,ED
WRMP529,4447439,ED
WRMP530,4447440,ED
WRMP531,4447441,ED
WRMP532,4447442,ED
WRMP533,4447443,ED
WRMP534,4447444,ED
WRMP535,4447445,ED
WRMP536,4447446,ED
WRMP537,4447447,ED
WRMP538,4447448,ED
WRMP540,4447450,ED
WRMP541,4447451,ED
WRMP542,4447452,ED
WRMP543,4447453,ED
WRMP544,4447454,ED
WRMP545,4447455,ED
WRMP546,4447456,ED
WRMP547,4447457,ED
WRMP548,4447458,ED
WRMP549,4447459,ED
WRMP550,4447460,ED
WRMP551,4447461,ED
WRMP552,4447462,ED
WRMP553,4447463,ED
WRMP561,4447471,ED
WRMQ756,4449885,ED
WRMQ757,4449886,ED
WRMQ758,4449887,ED
WRNM246,4479604,ED
WRNM247,4479605,ED
WRNT719,4489883,ED
WRNT720,4489884,ED
WRNT723,4489887,ED
WRNT724,4489888,ED
WRNT725,4489889,ED
WRNT726,4489890,ED
WROD934,4505863,ED
WROH487,4511340,ED
WROK829,4517015,ED
WROK830,4517016,ED
WROK831,4517017,ED
WROK832,4517018,ED
WROK833,4517019,ED
WROK834,4517020,ED
WROK835,4517021,ED
WROK836,4517022,ED
WROK837,4517023,ED
WROK838,4517024,ED
WROK839,4517025,ED
WROK840,4517026,ED
WROK841,4517027,ED
WROK842,4517028,ED
WROK843,4517029,ED
WROK844,4517030,ED
WROK845,4517031,ED
WROK846,4517032,ED
WROK847,4517033,ED
WROK848,4517034,ED
WROU523,4531627,ED
WROW783,4535726,ED
WROW785,4535728,ED
WROW786,4535729,ED
WROW787,4535730,ED
WROW788,4535731,ED
WROW790,4535733,ED
WROW791,4535734,ED
WROW792,4535735,ED
WROW794,4535737,ED
WROW795,4535738,ED
WROW796,4535739,ED
WROW797,4535740,ED
WROW798,4535741,ED
WROW799,4535742,ED
WROW800,4535743,ED
WROW801,4535744,ED
WROW802,4535745,ED
WROW804,4535747,ED
WROW805,4535748,ED
WROW806,4535749,ED
WROW808,4535751,ED
WROW809,4535752,ED
WROW810,4535753,ED
WROW811,4535754,ED
WROW812,4535755,ED
WROW813,4535756,ED
WROW814,4535757,ED
WROW815,4535758,ED
WROW816,4535760,ED
WROW817,4535761,ED
WROW819,4535763,ED
WROW820,4535764,ED
WROW821,4535765,ED
WROW822,4535766,ED
WROW824,4535768,ED
WRPT585,4569528,ED
WRPT586,4569529,ED
WRPT587,4569530,ED
WRPT588,4569531,ED
WRPT589,4569532,ED
WRPT591,4569534,ED
WRPT592,4569535,ED
WSA39,2590234,ED
WSA40,2588579,ED
WSJ70,2592125,ED
WSL59,2589498,BR
